Price,employees,CEO_age,intra_day_up,intra_week_up,intra_month_up,Symbol,ipoDate,sector,IPO_weekday,firstday_volume,inweek_volume,inmonth_volume
6.3,128.0,57.46021093000968,1,1,0,AMCF,2010-01-26,Energy,1,955563.0,5932224.0,6363594.0
20.0,3.0,60.0,1,1,1,CHSP,2010-01-22,Real Estate,4,3492458.0,600470.0,1911825.0
13.0,1486.0,50.0,1,1,1,GNRC,2010-02-11,Industrials,3,16892087.0,2179070.0,4953062.0
15.0,568.0,62.0,0,1,0,QNST,2010-02-11,Technology,3,5372077.0,3361885.0,7002853.0
20.0,6.0,61.0,1,1,1,TRNO,2010-02-10,Real Estate,2,4515261.0,761321.0,1937712.0
14.5,109.0,59.0,1,1,1,PDM,2010-02-10,Real Estate,2,4343012.0,3551233.0,14922105.0
11.25,165.0,59.0,1,1,0,IRWD,2010-02-03,Healthcare,2,2592648.0,1434924.0,3437641.0
15.0,1253.0,67.0,1,1,1,SSNC,2010-03-31,Technology,2,15108702.0,4394034.0,13715628.0
13.0,9.0,43.0,0,0,0,STNG,2010-03-31,Industrials,2,2960070.0,1723217.0,8676120.0
12.25,6181.0,57.46021093000968,1,1,1,HTHT,2010-03-26,Consumer Cyclical,4,5826154.0,3823963.0,8242182.0
6.5,4.0,64.0,0,0,0,CRMD,2010-03-25,Healthcare,3,9415331.500914076,7682245.983546618,17965314.22760512
14.5,1730.0,62.0,1,1,1,FIBK,2010-03-24,Financial Services,2,5214029.0,2471138.0,5341488.0
13.0,407.0,66.0,0,0,1,CALX,2010-03-24,Technology,2,5533491.0,3204153.0,7708667.0
14.0,177.0,53.0,0,0,0,MXL,2010-03-24,Technology,2,6890754.0,3532310.0,7053360.0
9.0,133.0,57.0,1,1,0,AVEO,2010-03-12,Healthcare,4,2692762.0,1022966.0,1968517.0
18.0,9500.0,65.0,0,0,0,ST,2010-03-11,Technology,3,13231447.0,7390800.0,18153385.0
7.0,14.0,55.0,0,0,0,ANTH,2010-03-01,Healthcare,0,10332.0,63843.0,77933.0
18.0,855.0,77.0,1,1,1,AOSL,2010-04-29,Technology,3,3798927.0,1109867.0,3225855.0
13.0,290.0,58.0,0,0,1,CDXS,2010-04-22,Healthcare,3,3332220.0,1046829.0,3304389.0
11.0,21.0,54.0,0,1,1,ALIM,2010-04-22,Healthcare,3,2028559.0,771890.0,2534948.0
12.0,292.0,60.0,0,0,1,SPSC,2010-04-22,Technology,3,1765767.0,398387.0,1238039.0
20.0,3107.493309545049,67.0,1,1,1,CLDT,2010-04-16,Real Estate,4,2368400.0,834201.0,1844100.0
21.0,1700.0,58.0,0,0,0,MUSA,2010-04-09,Consumer Cyclical,4,911114.0,1913905.0,42007001.0
15.0,1995.0,63.0,0,0,0,PRI,2010-04-01,Financial Services,3,18076902.0,10297593.0,28066354.0
6.0,63.0,61.0,1,1,1,GNMK,2010-05-28,Healthcare,4,397480.0,3812215.0,4538278.0
11.0,2640.0,49.0,0,1,1,JKS,2010-05-14,Technology,4,1560580.0,1261445.0,2462637.0
17.0,17000.0,55.0,1,1,1,EXPR,2010-05-13,Consumer Cyclical,3,8791804.0,5665295.0,14770133.0
14.0,925.0,62.0,0,0,0,RRTS,2010-05-13,Industrials,3,3341439.0,1240541.0,3842196.0
8.0,878.0,58.0,0,0,0,TNAV,2010-05-13,Technology,3,2349495.0,1257158.0,2608726.0
11.25,562.0,61.0,1,1,1,PLOW,2010-05-05,Consumer Cyclical,2,2975015.0,1063549.0,2433025.0
17.0,646.0,50.0,0,0,0,TSLA,2010-06-29,Consumer Cyclical,1,18783276.0,44324526.0,86957825.0
10.0,5400.0,55.0,0,0,0,FN,2010-06-25,Technology,4,3161210.0,849773.0,3231846.0
14.0,35.0,62.0,0,0,0,OAS,2010-06-17,Energy,3,16024353.0,9196972.0,22496787.0
7.0,862.0,52.0,1,1,1,BORN,2010-06-11,Consumer Defensive,4,1449868.0,1602491.0,3109706.0
36.0,289.0,60.0,0,0,0,GDOT,2010-07-22,Financial Services,3,4941204.0,1284800.0,2290001.0
10.0,649.0,75.0,0,0,0,AMRC,2010-07-22,Industrials,3,3445546.0,2132853.0,4529270.0
12.0,52.0,79.0,1,1,1,WSR,2010-08-26,Real Estate,3,243214.0,277321.0,780183.0
4.0,70.0,66.0,1,1,1,ELMD,2010-08-13,Healthcare,4,277700.0,435500.0,578600.0
14.0,757.0,53.0,0,0,0,MMYT,2010-08-12,Consumer Cyclical,3,5473976.0,4625905.0,14692167.0
11.0,1260.0,75.0,0,0,0,RP,2010-08-12,Technology,3,4381181.0,2125252.0,4110205.0
14.0,27539.0,71.0,1,1,1,NXPI,2010-08-06,Technology,4,10676390.0,9276553.0,21338583.0
16.0,296.0,56.0,0,0,0,AMRS,2010-09-28,Basic Materials,1,159406.0,75056.0,163339.0
16.0,160.0,61.0,1,1,1,COR,2010-09-23,Real Estate,3,15561023.0,3928629.0,10260032.0
42.5,4810.0,46.0,1,1,1,SFUN,2010-09-17,Technology,4,68868500.0,46067480.0,122472160.0
16.0,369.0,73.0,0,1,1,PACB,2010-10-27,Healthcare,2,6093053.0,3587204.0,8810120.0
16.0,1213.0,56.0,0,0,0,VRA,2010-10-21,Consumer Cyclical,3,8757064.0,2833797.0,7126465.0
13.0,7400.0,62.0,1,1,0,TOWR,2010-10-15,Consumer Cyclical,4,3436062.0,591163.0,2454086.0
22.5,0.0,60.0,1,1,1,EFC,2010-10-08,Financial Services,4,3743580.0,1138807.0,1750497.0
9.5,712.0,57.0,0,0,0,DQ,2010-10-07,Technology,3,769811.0,1516427.0,4353808.0
10.0,90.0,71.0,0,0,0,STND,2010-10-07,Financial Services,3,9415331.500914076,7682245.983546618,17965314.22760512
13.9,289.0,58.0,0,0,0,CCIH,2010-10-01,Technology,4,7039211.0,4524372.0,10610119.0
10.0,432.0,56.0,0,0,0,KEYW,2010-10-01,Technology,4,2641924.0,982476.0,3216741.0
11.6,13.0,35.0,0,0,0,GLBS,2010-11-26,Industrials,4,25.0,215.0,840.0
4.0,145.0,63.0,0,0,0,ZGNX,2010-11-23,Healthcare,1,290686.0,1755846.0,3084385.0
33.0,209000.0,60.0,1,1,1,GM,2010-11-18,Consumer Cyclical,3,458097672.0,214175157.0,648885696.0
30.0,2546.0,58.0,1,1,1,LPLA,2010-11-18,Financial Services,3,10095365.0,1610809.0,8382723.0
17.0,25100.0,54.0,1,1,1,BAH,2010-11-17,Industrials,2,7376101.0,1570509.0,7209035.0
12.0,1204.0,46.0,0,0,1,BITA,2010-11-17,Technology,2,12327033.0,5080577.0,14718224.0
12.0,166.0,60.0,0,0,0,IPHI,2010-11-11,Technology,3,5252322.0,1685283.0,5329110.0
9.0,167.0,57.46021093000968,1,1,1,GNOM,2010-11-11,Healthcare,3,9415331.500914076,7682245.983546618,17965314.22760512
36.9,142.0,57.0,0,0,0,HHC,2010-11-10,Real Estate,2,54444.0,3666318.0,11286199.0
12.0,520.0,50.0,0,0,0,NOAH,2010-11-10,Financial Services,2,9275158.0,5802433.0,13192847.0
12.0,75.0,47.0,0,0,0,PRMW,2010-11-05,Consumer Defensive,4,3770424.0,919162.0,3355009.0
12.0,3107.493309545049,53.0,1,1,1,CMRE,2010-11-04,Industrials,3,7605788.0,4259177.0,11571562.0
4.5,238.0,59.0,0,0,0,OSN,2010-12-21,Basic Materials,1,183686.0,1755781.0,5386478.0
10.0,150.0,55.0,1,1,0,WD,2010-12-15,Financial Services,2,6243959.0,14328889.0,18386778.0
12.0,197.0,58.0,0,0,0,RNET,2010-12-15,Technology,2,2098470.0,446741.0,1776177.0
23.0,1130.0,65.0,0,0,0,FLT,2010-12-15,Industrials,2,8926016.0,2049852.0,5868932.0
9.0,361.0,59.0,1,1,1,GCAP,2010-12-15,Financial Services,2,4303495.0,1721504.0,4280656.0
17.0,446.0,63.0,0,0,0,LEDS,2010-12-08,Technology,2,726438.0,274472.0,1629558.0
22.0,1000.0,62.0,1,1,1,TRGP,2010-12-07,Energy,1,10577595.0,3224025.0,6693630.0
11.0,5757.0,52.0,0,0,0,AGRO,2011-01-28,Consumer Defensive,4,8790447.0,7833099.0,13647083.0
27.0,1169.0,51.0,1,1,1,BKU,2011-01-28,Financial Services,4,25965359.0,6958174.0,17194577.0
13.0,326.0,76.0,0,0,0,INXN,2011-01-28,Technology,4,16841853.0,5138496.0,10217707.0
23.0,34000.0,60.0,1,1,1,NLSN,2011-01-26,Industrials,2,53157427.0,14922976.0,43101192.0
5.5,226.0,57.46021093000968,0,1,1,TBET,2011-01-25,Healthcare,1,191580.0,328212.0,460971.0
20.5,100.0,85.0,1,1,1,AAT,2011-01-13,Real Estate,3,15536889.0,4181293.0,10410871.0
5.0,19.0,54.0,1,1,1,ACRX,2011-02-11,Healthcare,4,1129118.0,283699.0,1049216.0
30.0,7900.0,60.0,1,1,1,KMI,2011-02-11,Energy,4,50613513.0,25468753.0,66246383.0
13.5,198.0,49.0,0,0,0,FLDM,2011-02-10,Healthcare,3,2676115.0,709612.0,1984801.0
9.75,20.0,53.0,1,1,1,INN,2011-02-09,Real Estate,2,16636990.0,3049181.0,6714879.0
15.0,91.0,61.0,0,0,0,GEVO,2011-02-09,Basic Materials,2,15128.0,5073.0,9806.0
7.0,40.0,73.0,0,0,0,BGMD,2011-02-04,Healthcare,4,49640.0,89713.0,135902.0
7.0,83.0,72.0,0,0,0,PCRX,2011-02-03,Healthcare,3,1495851.0,1981949.0,2302336.0
11.0,2990.0,67.0,0,0,1,NPTN,2011-02-02,Technology,2,6116913.0,3367180.0,12901789.0
19.0,485.0,70.0,1,1,1,APO,2011-03-30,Financial Services,2,30086905.0,18158712.0,29874457.0
10.0,1536.0,73.0,0,0,0,SREV,2011-03-25,Technology,4,11792059.0,3701054.0,10994329.0
13.0,327.0,53.0,0,0,0,CSOD,2011-03-17,Technology,3,7364445.0,2140180.0,5065956.0
14.0,3337.0,57.0,0,1,0,MX,2011-03-11,Technology,4,3762185.0,1905189.0,6183592.0
30.0,194000.0,62.0,1,1,1,HCA,2011-03-10,Healthcare,3,64600369.0,40275393.0,122856022.0
15.0,582.0,46.0,0,0,1,VNET,2011-04-21,Technology,3,18180211.0,9385449.0,26123442.0
26.5,34.0,68.0,0,1,1,AL,2011-04-19,Industrials,1,20033208.0,4688433.0,12029767.0
6.0,190.0,57.46021093000968,0,0,0,ELLI,2011-04-15,Healthcare,4,3364411.0,541109.0,1486147.0
10.0,196.0,60.0,1,0,0,SQNS,2011-04-15,Technology,4,5757233.0,2018406.0,26937934.0
17.0,86002.0,59.0,0,0,0,ARCO,2011-04-14,Consumer Cyclical,3,63777574.0,30987353.0,61515460.0
22.5,0.0,48.0,1,1,1,GMLP,2011-04-08,Industrials,4,9920907.0,3151449.0,8450280.0
16.0,122.0,57.0,1,1,1,UAN,2011-04-08,Basic Materials,4,13311426.0,5410217.0,17893491.0
21.0,2192.0,57.46021093000968,1,1,1,SDT,2011-04-07,Energy,3,8208467.0,4315431.0,11865022.0
16.0,13086.0,62.0,1,0,0,GNC,2011-04-01,Consumer Defensive,4,18179005.0,5843485.0,14867256.0
10.0,3107.493309545049,75.0,1,1,1,APTS,2011-04-01,Real Estate,4,149189.0,319210.0,544430.0
12.0,2385.0,51.0,1,0,0,SAVE,2011-05-26,Industrials,3,5200920.0,35808012.0,46875356.0
25.0,2677.0,58.0,0,0,0,YNDX,2011-05-24,Technology,1,70186723.0,25892023.0,56150461.0
11.0,836.0,53.0,0,0,1,FENG,2011-05-12,Technology,3,7228875.0,4340034.0,9002276.0
21.0,353.0,68.0,1,1,1,NGL,2011-05-12,Energy,3,1951435.0,587461.0,1424454.0
18.0,130.0,63.0,0,0,1,KOS,2011-05-11,Energy,2,17542159.0,13151432.0,22283652.0
21.0,19.0,57.46021093000968,1,1,1,VOC,2011-05-05,Energy,3,5298808.0,2277898.0,6160556.0
12.0,640.0,59.0,0,0,0,THR,2011-05-05,Industrials,3,5757009.0,634950.0,2638996.0
14.0,1570.0,52.0,1,1,1,RENN,2011-05-04,Technology,2,18158694.0,18993042.0,49006834.0
13.5,135.0,61.0,1,1,1,WIFI,2011-05-04,Communication Services,2,6961747.0,1555340.0,9307344.0
20.0,0.0,60.0,1,1,1,MITT,2011-06-30,Real Estate,3,2707102.0,605890.0,1909356.0
15.0,571.0,62.0,0,0,1,CHEF,2011-07-28,Consumer Defensive,3,6574029.0,1420936.0,4163382.0
15.0,1021.0,59.0,1,1,1,WAIR,2011-07-28,Industrials,3,8829422.0,2643400.0,9270000.0
9.0,39.0,55.0,0,1,1,HZNP,2011-07-28,Healthcare,3,564393.0,650533.0,957477.0
21.0,0.0,57.46021093000968,1,1,1,AMID,2011-07-27,Energy,2,2423557.0,818406.0,2830459.0
19.0,1075.0,54.0,0,0,0,DNKN,2011-07-27,Consumer Cyclical,2,45407627.0,20493186.0,39455643.0
17.0,1641.0,57.46021093000968,0,0,0,FRAN,2011-07-22,Consumer Cyclical,4,9242880.0,3527796.0,7775976.0
16.0,1180.0,65.0,1,0,1,SXC,2011-07-21,Basic Materials,3,11411070.0,2620245.0,7861765.0
20.0,275.0,57.46021093000968,0,0,0,Z,2011-07-20,Real Estate,2,144677.0,555007.0,33020705.0
10.0,206.0,52.0,0,0,0,CARB,2011-08-11,Technology,3,1201116.0,2953543.0,5104066.0
10.0,86.0,57.46021093000968,0,0,0,BLMT,2011-10-14,Healthcare,4,1991056.0,1590023.0,2709055.0
15.0,92.0,44.0,0,0,0,UBNT,2011-10-14,Technology,4,2954396.0,1734046.0,4659895.0
10.0,204.0,60.0,1,1,1,IMI,2011-11-18,Technology,4,2664133.0,834225.0,4228005.0
12.0,450.0,57.46021093000968,1,1,1,MN,2011-11-18,Financial Services,4,5608431.0,2867137.0,7368587.0
13.0,3107.493309545049,49.0,0,1,0,ANGI,2011-11-17,Technology,3,6507703.0,2042628.0,12484039.0
13.0,45.0,59.0,1,0,0,CLVS,2011-11-16,Healthcare,2,1912690.0,572563.0,2825879.0
19.0,3107.493309545049,57.46021093000968,1,1,1,CHKR,2011-11-14,Energy,0,6031930.0,4991844.0,19408542.0
7.0,78.0,63.0,0,0,0,NLNK,2011-11-14,Healthcare,0,1424478.0,1364351.0,4691972.0
8.25,461.0,62.0,1,1,1,PACD,2011-11-11,Energy,4,9415331.500914076,7682245.983546618,17965314.22760512
20.0,2416.0,47.0,0,0,0,GRPN,2011-11-04,Technology,4,49813026.0,23564800.0,86025345.0
10.0,2789.0,53.0,1,1,0,ZNGA,2011-12-16,Technology,4,116826166.0,37483382.0,154689584.0
17.0,71.0,51.0,0,0,0,BCEI,2011-12-15,Energy,3,56284.0,27991.0,70200.0
17.0,183.0,70.0,0,0,0,LPI,2011-12-15,Energy,3,6656703.0,1286698.0,5064434.0
18.0,0.0,46.0,1,1,1,MCEP,2011-12-15,Energy,3,678871.0,560771.0,2541013.0
10.0,18.0,58.0,0,0,0,VSTM,2012-01-27,Healthcare,4,747711.0,363824.0,716151.0
13.0,684.0,48.0,0,0,0,GWRE,2012-01-25,Technology,2,7030831.0,1941784.0,6106705.0
10.0,234.0,64.0,0,1,1,REGI,2012-01-19,Energy,3,3599984.0,929922.0,2432644.0
16.0,511.0,64.0,0,0,0,PRLB,2012-02-24,Industrials,4,4042879.0,764956.0,2572183.0
11.0,312.0,67.0,0,0,0,BCOV,2012-02-17,Technology,4,4350701.0,964955.0,5045329.0
44.0,617.0,62.0,1,1,1,HMST,2012-02-10,Financial Services,4,2473232.0,588760.0,1551066.0
5.0,261.0,54.0,0,1,0,SYNC,2012-02-10,Technology,4,565295.0,9100661.0,59848307.0
10.0,64.0,63.0,0,0,0,CCXI,2012-02-08,Healthcare,2,1012416.0,208359.0,928599.0
11.5,1433.0,58.0,1,1,1,CPAC,2012-02-08,Basic Materials,2,4765218.0,943404.0,1945324.0
9.0,70000.0,64.0,0,0,0,CZR,2012-02-08,Consumer Cyclical,2,11455225.0,33012578.0,42280929.0
12.0,6168.0,62.0,0,0,0,EPAM,2012-02-08,Technology,2,3336243.0,1461150.0,5778189.0
12.0,41.0,70.0,1,1,1,MTDR,2012-02-02,Energy,3,4574636.0,1542981.0,6727102.0
17.0,685.0,60.0,1,1,0,SLCA,2012-02-01,Basic Materials,2,11511901.0,4083487.0,10298312.0
6.0,313.0,49.0,0,0,0,ENPH,2012-03-30,Technology,4,5049113.0,1204649.0,3707856.0
14.0,72.0,59.0,1,1,1,GLOG,2012-03-30,Industrials,4,12595738.0,5958277.0,12274098.0
7.0,218.0,59.0,0,0,0,MACK,2012-03-29,Healthcare,3,377437.0,506008.0,820916.0
18.0,7400.0,51.0,1,1,1,RXN,2012-03-29,Industrials,3,16532826.0,3213457.0,9473854.0
15.0,670.0,63.0,0,0,0,RM,2012-03-28,Financial Services,2,2354311.0,629567.0,1595419.0
16.0,290.0,54.0,0,0,0,VCRA,2012-03-28,Technology,2,7165788.0,1089518.0,2599506.0
6.5,2934.0,51.0,1,1,1,VIPS,2012-03-23,Consumer Cyclical,4,51735040.0,20720049.0,53834158.0
11.0,838.0,63.0,1,0,0,CSTE,2012-03-22,Basic Materials,3,4904048.0,1884033.0,3870781.0
19.0,1133.0,66.0,1,1,1,ET,2012-03-22,Energy,3,3870800.0,90465200.0,178166000.0
23.0,2800.0,56.0,1,1,1,ALSN,2012-03-15,Consumer Cyclical,3,13928789.0,5431156.0,15859863.0
19.0,667.0,61.0,0,0,0,MTSI,2012-03-15,Technology,3,4202453.0,1134884.0,2428835.0
15.0,918.0,45.0,0,0,0,YELP,2012-03-02,Technology,4,17507620.0,7057779.0,35996103.0
6.0,0.0,50.0,0,0,0,ARCT,2012-03-01,Healthcare,3,225420.0,57416.0,105691.0
18.5,0.0,52.0,1,1,1,ACRE,2012-04-26,Real Estate,3,3160539.0,1439960.0,4408792.0
4.0,9.0,57.46021093000968,0,0,0,CLIR,2012-04-25,Industrials,2,499136.0,414253.0,2141310.0
13.0,51.0,63.0,0,0,0,MPO,2012-04-20,Energy,4,6579.0,512369.0,1271280.0
13.0,376.0,60.0,0,0,1,PFPT,2012-04-20,Technology,4,7461914.0,1250420.0,3621504.0
17.0,463.0,58.0,0,0,0,SPLK,2012-04-19,Technology,3,14125127.0,4369217.0,16152187.0
21.0,3107.493309545049,57.46021093000968,1,1,1,SDR,2012-04-18,Energy,2,13108631.0,7405405.0,16703585.0
21.0,4100.0,63.0,0,1,1,MRC,2012-04-12,Energy,3,10151301.0,2609158.0,14878085.0
20.0,3150.0,57.46021093000968,0,0,0,FET,2012-04-12,Energy,3,11830515.0,5350778.0,17959621.0
8.0,265.0,55.0,1,1,1,RPAI,2012-04-05,Real Estate,3,10272496.0,5648814.0,15724542.0
38.0,3539.0,38.0,0,1,1,FB,2012-05-18,Technology,4,580587742.0,431317822.0,1326737246.0
9.0,945.0,61.0,0,0,0,WAGE,2012-05-10,Industrials,3,3028607.0,497538.0,2695725.0
15.5,3600.0,68.0,1,1,1,TLYS,2012-05-04,Consumer Cyclical,4,9219787.0,2108514.0,6511213.0
20.0,0.0,57.46021093000968,1,1,1,ROYT,2012-05-03,Energy,3,10297076.0,3429622.0,9559673.0
22.0,1300.0,57.46021093000968,1,1,1,CG,2012-05-03,Financial Services,3,13299419.0,20946383.0,28044408.0
5.0,71.0,61.0,0,0,0,SUPN,2012-05-01,Healthcare,1,676810.0,335698.0,1018573.0
18.0,728.0,61.0,0,0,0,NOW,2012-06-29,Technology,4,10922574.0,2106012.0,8030446.0
21.0,0.0,63.0,1,1,1,EQM,2012-06-27,Energy,2,8454231.0,1415591.0,5327916.0
13.0,3094.0,59.0,0,0,0,DFRG,2012-07-27,Consumer Cyclical,4,3205770.0,1000740.0,2800969.0
15.0,1554.0,57.46021093000968,0,0,0,NGVC,2012-07-25,Consumer Defensive,2,6309897.0,1623509.0,5590737.0
13.0,3954.0,62.0,0,0,0,CHUY,2012-07-24,Consumer Cyclical,1,4343114.0,1194601.0,2862206.0
42.0,692.0,54.0,0,0,0,PANW,2012-07-20,Technology,4,7016057.0,2962241.0,8858339.0
17.0,2960.0,57.0,0,0,0,FIVE,2012-07-19,Consumer Cyclical,3,10460565.0,2260144.0,8872909.0
10.0,86.0,63.0,1,1,1,FSBW,2012-07-10,Financial Services,1,1052280.0,496408.0,1308703.0
17.0,0.0,65.0,1,1,1,HCLP,2012-08-16,Basic Materials,3,8686773.0,2839329.0,7458591.0
14.0,710.0,57.46021093000968,1,1,1,MANU,2012-08-10,Consumer Cyclical,4,32390987.0,5954323.0,13010571.0
9.0,1400.0,57.0,0,0,0,PFMT,2012-08-10,Industrials,4,6056025.0,1946742.0,5763637.0
11.0,86000.0,64.0,0,0,0,BLMN,2012-08-08,Consumer Cyclical,2,10940397.0,4358816.0,12892541.0
12.0,724.0,64.0,0,0,0,GMED,2012-08-03,Healthcare,4,3890538.0,732595.0,3289103.0
12.0,334.0,77.0,0,0,1,QLYS,2012-09-28,Technology,4,9749470.0,1557751.0,3467619.0
20.0,0.0,65.0,1,1,1,SMLP,2012-09-28,Energy,4,8598015.0,2674802.0,5388134.0
19.25,1176.0,62.0,1,1,1,NBHC,2012-09-20,Financial Services,3,3535453.0,982697.0,2391253.0
15.0,37.0,61.0,0,0,0,SRC,2012-09-20,Real Estate,3,31593666.0,16547774.0,37346919.0
22.0,0.0,69.0,1,1,0,MPLX,2012-10-26,Energy,4,14401301.0,1863290.0,6476880.0
22.0,3107.493309545049,57.46021093000968,1,1,1,SDLP,2012-10-19,Energy,4,7573125.0,2848379.0,6890896.0
28.0,1550.0,56.0,0,0,0,WDAY,2012-10-12,Technology,4,18137050.0,8727821.0,15616526.0
17.5,54.0,60.0,1,1,1,FANG,2012-10-12,Energy,4,6468591.0,1738012.0,4707457.0
15.0,18.0,54.0,0,0,0,ICPT,2012-10-11,Healthcare,3,813752.0,342663.0,864655.0
17.0,224.0,48.0,0,0,0,SSTK,2012-10-11,Technology,3,5873665.0,1064428.0,2534589.0
27.0,10900.0,57.46021093000968,0,0,0,RLGY,2012-10-11,Real Estate,3,29153434.0,22735976.0,43858668.0
6.0,425.0,58.0,0,0,0,AMBA,2012-10-10,Technology,2,3566608.0,1262509.0,5015747.0
10.0,252.0,49.0,1,1,1,ANFI,2012-10-10,Consumer Defensive,2,9235073.0,1690495.0,3517056.0
16.0,15000.0,59.0,1,1,1,BERY,2012-10-04,Consumer Cyclical,3,17687767.0,6813251.0,12915837.0
4.0,56.0,53.0,0,0,0,RGLS,2012-10-04,Healthcare,3,1602661.0,2064312.0,3062221.0
10.0,1449.0,51.0,0,0,0,LXFR,2012-10-03,Industrials,2,3497038.0,663970.0,1354752.0
10.5,1222.0,49.0,0,0,0,YY,2012-11-21,Technology,2,4567029.0,2283822.0,7370184.0
5.25,3.0,57.0,0,0,0,WHLR,2012-11-19,Real Estate,0,467.0,8787.0,38321.0
5.0,10.0,71.0,0,0,0,ATOS,2012-11-08,Healthcare,3,1153.0,1786.0,2173.0
21.0,0.0,54.0,1,1,1,DKL,2012-11-02,Energy,4,6563915.0,1433372.0,3035859.0
24.0,2900.0,64.0,0,0,0,RH,2012-11-02,Consumer Cyclical,4,6838208.0,1917254.0,7984884.0
26.0,1578.0,71.0,1,1,1,PBF,2012-12-13,Energy,3,17927278.0,4295663.0,11898051.0
17.0,53.0,61.0,0,0,0,TPH,2013-01-31,Consumer Cyclical,3,12752948.0,4273684.0,10841130.0
15.0,0.0,80.0,1,1,1,LAND,2013-01-29,Real Estate,1,890155.0,558554.0,1203887.0
10.0,8.0,56.0,0,0,0,STML,2013-01-29,Healthcare,1,1152491.0,529008.0,1129245.0
22.0,22000.0,51.0,0,0,0,BFAM,2013-01-25,Consumer Cyclical,4,9225627.0,1816234.0,4748267.0
19.0,14072.0,57.46021093000968,0,0,0,NCLH,2013-01-18,Consumer Cyclical,4,17763549.0,5195486.0,19610263.0
19.0,250.0,56.0,1,1,1,CONE,2013-01-18,Real Estate,4,12735963.0,4184433.0,13748368.0
19.0,0.0,65.0,1,1,1,SXCP,2013-01-18,Basic Materials,4,15252343.0,4528878.0,11784525.0
18.0,227.0,63.0,1,1,1,USAC,2013-01-15,Energy,1,9229831.0,3804361.0,8350631.0
5.85,106.0,53.0,0,0,0,AFH,2013-02-12,Financial Services,1,171083.0,118797.0,234944.0
28.0,98.0,60.0,1,1,1,CNOB,2013-02-12,Financial Services,1,6700.0,95700.0,277400.0
14.0,51.0,44.0,1,1,0,HIIQ,2013-02-08,Healthcare,4,3394094.0,879972.0,3430965.0
18.0,155.0,77.0,0,0,0,XONE,2013-02-07,Industrials,3,6574977.0,11203578.0,20841978.0
21.0,4470.0,67.0,0,0,0,BCC,2013-02-06,Basic Materials,2,13196462.0,4103016.0,9999976.0
26.0,9500.0,71.0,0,0,0,ZTS,2013-02-01,Healthcare,4,66789484.0,22723477.0,63118640.0
14.0,424.0,55.0,0,0,0,MRIN,2013-03-22,Technology,4,1571092.0,290205.0,1043835.0
14.0,39.0,66.0,0,0,0,ENTA,2013-03-21,Healthcare,3,1763572.0,217988.0,2414708.0
15.5,600.0,50.0,0,0,0,MODN,2013-03-20,Technology,2,9985844.0,2829065.0,5885135.0
7.0,33.0,63.0,0,0,0,TTPH,2013-03-20,Healthcare,2,1724110.0,358585.0,1943884.0
30.0,273.0,53.0,1,1,1,APAM,2013-03-07,Financial Services,3,8054679.0,2431227.0,5612070.0
8.0,23.0,50.0,1,1,1,IPDN,2013-03-05,Technology,1,124503.0,67511.0,113542.0
27.0,22100.0,47.0,0,0,0,SEAS,2013-04-19,Consumer Cyclical,4,21676769.0,5117395.0,15157711.0
18.0,1094.0,62.0,0,0,0,I,2013-04-18,Communication Services,3,8931209.0,4626401.0,16978689.0
12.5,20.0,63.0,1,1,1,HASI,2013-04-18,Real Estate,3,5221346.0,2787505.0,8548279.0
20.0,1660.0,49.0,1,1,1,EVTC,2013-04-12,Technology,4,20216171.0,6698989.0,18634540.0
14.0,46.0,56.0,0,0,0,CMRX,2013-04-11,Healthcare,3,4500760.0,591884.0,1998178.0
21.0,3107.493309545049,58.0,1,1,0,KNOP,2013-04-10,Industrials,2,5488863.0,1931781.0,3695327.0
22.0,1041.0,60.0,0,0,0,TMHC,2013-04-10,Consumer Cyclical,2,24175556.0,11471065.0,29469060.0
26.0,335.0,63.0,0,0,0,IBTX,2013-04-03,Financial Services,2,1530586.0,330396.0,1058630.0
15.0,64.0,54.0,0,0,0,EPZM,2013-05-31,Healthcare,4,3287429.0,951269.0,4137684.0
9.25,292.0,57.46021093000968,0,0,0,KMDA,2013-05-31,Healthcare,4,3179719.0,1275222.0,2343378.0
14.0,432.0,49.0,0,0,0,ECOM,2013-05-23,Technology,3,5820941.0,7567069.0,9400058.0
11.0,1986.0,62.0,0,0,0,BRSS,2013-05-23,Industrials,3,2811046.0,919677.0,4144959.0
15.0,8845.0,55.0,1,0,0,CSTM,2013-05-23,Basic Materials,3,9415870.0,5201074.0,13251870.0
14.5,57.0,53.0,0,0,0,PTLA,2013-05-22,Healthcare,2,3378000.0,988763.0,5398867.0
31.0,834.0,55.0,0,0,0,DATA,2013-05-17,Technology,4,8408649.0,4930121.0,10915774.0
25.0,269.0,47.0,0,0,0,WLH,2013-05-16,Consumer Cyclical,3,34140.0,60437.0,1720418.0
17.0,3107.493309545049,71.0,1,1,1,EMES,2013-05-09,Basic Materials,3,5473549.0,1923706.0,7976090.0
11.5,119.0,75.0,0,0,0,TSC,2013-05-09,Financial Services,3,3389502.0,1064003.0,2729560.0
11.5,100.0,64.0,1,1,1,AHH,2013-05-08,Real Estate,2,4633889.0,1131264.0,4327469.0
17.0,1013.0,48.0,1,1,0,QIWI,2013-05-03,Financial Services,4,9765460.0,2195634.0,6010998.0
19.5,7000.0,70.0,0,0,0,VOYA,2013-05-02,Financial Services,3,32932983.0,21438886.0,67578651.0
8.0,119.0,57.0,1,1,1,INSY,2013-05-02,Healthcare,3,51325.0,120441.0,191093.0
8.9,182.0,51.0,0,0,1,GWPH,2013-05-01,Healthcare,2,150935.0,179742.0,1190732.0
20.0,0.0,60.0,1,1,1,EARN,2013-05-01,Real Estate,2,5613878.0,1581263.0,4453045.0
18.0,7000.0,44.0,0,0,0,NDLS,2013-06-28,Consumer Cyclical,4,7727610.0,10082456.0,23146421.0
11.0,96.0,52.0,0,0,0,SAMG,2013-06-27,Financial Services,3,951375.0,315326.0,1608260.0
6.0,16.0,56.0,0,0,0,PETX,2013-06-27,Healthcare,3,596743.0,858500.0,1454235.0
17.0,6800.0,57.0,0,0,0,CDW,2013-06-27,Technology,3,8286728.0,1550717.0,5972919.0
18.0,15000.0,60.0,0,0,0,HDS,2013-06-27,Industrials,3,29138493.0,39929892.0,84889782.0
14.0,18.0,61.0,0,0,0,ESPR,2013-06-26,Healthcare,2,3083838.0,1006686.0,2791679.0
10.0,144.0,45.0,1,1,1,NSTG,2013-06-26,Healthcare,2,3061871.0,658934.0,2316983.0
17.0,5846.0,55.0,0,0,0,LXFT,2013-06-26,Technology,2,4451389.0,599306.0,1207971.0
17.0,660.0,64.0,1,1,1,GOGO,2013-06-21,Communication Services,4,8547653.0,5122200.0,17273640.0
15.0,127.0,62.0,0,0,1,PTCT,2013-06-20,Healthcare,3,3371619.0,2246985.0,4676248.0
6.0,24.0,72.0,1,1,1,THST,2013-06-20,Consumer Defensive,3,235203.0,511373.0,903199.0
17.0,50.0,49.0,0,0,0,BLUE,2013-06-19,Healthcare,2,5305141.0,1200914.0,3910629.0
17.5,10000.0,57.46021093000968,1,1,1,COTY,2013-06-13,Consumer Defensive,3,46263348.0,33712551.0,55483120.0
15.141911894273127,3107.493309545049,45.0,1,1,1,BEP,2013-06-11,Utilities,1,7700.0,53900.0,226449.0
9.5,1126.0,41.0,0,0,0,LITB,2013-06-06,Consumer Cyclical,3,8845755.0,7361648.0,23953786.0
15.0,57.0,71.0,0,0,0,ONTX,2013-07-25,Healthcare,3,508187.0,97559.0,346217.0
11.0,15.0,70.0,1,1,1,CNAT,2013-07-25,Healthcare,3,3417697.0,461287.0,1009926.0
18.0,85.0,61.0,0,0,0,AGIO,2013-07-24,Healthcare,2,6203443.0,1315085.0,4576369.0
15.0,73.0,57.46021093000968,1,1,1,JONE,2013-07-24,Healthcare,2,8205209.0,2615676.0,6583936.0
21.13,28257.0,57.46021093000968,1,1,1,GRAM,2013-07-24,Industrials,2,8658194.0,2798467.0,5622408.0
10.0,12.0,59.0,0,0,0,HTBX,2013-07-24,Healthcare,2,112073.0,31452.0,85148.0
23.0,0.0,65.0,0,0,0,PSXP,2013-07-23,Energy,1,16834286.0,5341943.0,9558945.0
14.0,31.0,57.46021093000968,1,1,1,REXR,2013-07-19,Real Estate,4,10649577.0,2605619.0,5949371.0
11.5,5.0,56.0,1,1,1,DOC,2013-07-19,Real Estate,4,1628232.0,601245.0,1746153.0
17.0,83.0,57.46021093000968,0,0,0,OMED,2013-07-18,Healthcare,3,4779859.0,7338672.0,10189561.0
5.0,9.0,70.0,0,0,0,SPHS,2013-08-16,Healthcare,4,134.0,0.0,0.0
8.5,0.0,60.0,1,1,1,IRT,2013-08-13,Real Estate,1,879502.0,3413294.0,3842422.0
16.0,937.0,63.0,0,1,1,MIXT,2013-08-09,Technology,4,3810765.0,2865738.0,6486851.0
22.0,4100.0,73.0,0,0,0,FI,2013-08-09,Energy,4,20618251.0,5761954.0,16301028.0
16.0,201.0,69.0,0,0,0,XON,2013-08-08,Healthcare,3,11135541.0,4968334.0,14476451.0
15.0,545.0,69.0,0,0,0,FOXF,2013-08-08,Consumer Cyclical,3,6366655.0,2114939.0,4589435.0
16.0,333.0,64.0,0,0,0,CTRL,2013-08-02,Technology,4,3803535.0,958106.0,3424271.0
12.0,109.0,65.0,0,0,0,MBII,2013-08-02,Basic Materials,4,982031.0,206511.0,1005602.0
18.0,13600.0,57.46021093000968,0,0,0,SFM,2013-08-01,Consumer Defensive,3,14762456.0,5501575.0,13644932.0
16.0,244.0,61.0,1,1,1,AMH,2013-08-01,Real Estate,3,21094670.0,5490691.0,17847874.0
14.0,11.0,62.0,1,1,1,ASC,2013-08-01,Industrials,3,3359601.0,1198119.0,3745237.0
22.0,41.0,71.0,1,1,1,PEGI,2013-09-27,Utilities,4,10124125.0,4066723.0,10751532.0
13.0,399.0,61.0,0,0,0,RNG,2013-09-27,Technology,4,8160819.0,2720279.0,5398175.0
27.0,1600.0,63.0,0,0,0,PINC,2013-09-26,Technology,3,19034073.0,5389114.0,12672844.0
10.0,927.0,59.0,1,0,0,AAOI,2013-09-26,Technology,3,948999.0,688968.0,2730935.0
12.0,2.0,58.0,1,0,1,EVOK,2013-09-25,Healthcare,2,747190.0,1010587.0,2297689.0
22.0,22.0,57.46021093000968,0,0,0,OPHT,2013-09-25,Healthcare,2,7522120.0,2507687.0,7884222.0
20.0,932.0,51.0,0,0,0,FEYE,2013-09-20,Technology,4,16878623.0,7916655.0,18197523.0
15.0,50.0,57.46021093000968,1,1,1,BIND,2013-09-20,Healthcare,4,0.0,39000.0,39370.0
15.0,79.0,53.0,0,0,0,XLRN,2013-09-19,Healthcare,3,5488861.0,7263357.0,10697199.0
13.0,108.0,53.0,0,0,0,FPRX,2013-09-18,Healthcare,2,4409024.0,929837.0,2303867.0
26.5,800.0,60.0,0,0,0,BNFT,2013-09-18,Technology,2,6191437.0,1279149.0,3745555.0
12.0,2649.0,59.0,0,0,0,VLRS,2013-09-18,Industrials,2,10060990.0,2980823.0,7524231.0
17.0,274.0,57.0,0,0,0,ESNT,2013-10-31,Financial Services,3,16022319.0,5754759.0,12518482.0
12.0,513.0,57.0,0,0,0,MMI,2013-10-31,Real Estate,3,2530071.0,510761.0,1768503.0
17.0,5254.0,46.0,0,0,0,WUBA,2013-10-31,Technology,3,20628489.0,8098520.0,25256468.0
13.0,107.0,64.0,1,1,1,VCYT,2013-10-30,Healthcare,2,4594437.0,1162592.0,2200312.0
20.0,475.0,55.0,1,1,1,BRX,2013-10-30,Real Estate,2,24172108.0,7837702.0,21454389.0
31.0,746.0,53.0,0,1,0,CRTO,2013-10-30,Technology,2,9252635.0,3963264.0,11231487.0
15.0,12500.0,73.0,1,0,0,COMM,2013-10-25,Technology,4,21874424.0,7568551.0,16634815.0
18.0,400.0,56.0,1,1,1,SRLP,2013-10-25,Energy,4,5919756.0,1147118.0,2677085.0
12.0,2580.0,60.0,1,1,0,EIGI,2013-10-25,Technology,4,12283788.0,3675747.0,13250120.0
10.0,23.0,69.0,0,0,0,AERI,2013-10-25,Healthcare,4,2678805.0,463805.0,2180058.0
13.0,87.0,55.0,0,0,0,VJET,2013-10-18,Technology,4,12319309.0,15857055.0,96520674.0
20.0,593.0,57.0,0,0,0,VEEV,2013-10-16,Technology,2,13957602.0,7816471.0,18296616.0
22.0,0.0,61.0,0,0,0,PAGP,2013-10-16,Energy,2,19780633.0,10417490.0,21681690.0
16.0,159.0,70.0,0,0,0,MGNX,2013-10-10,Healthcare,3,5361700.0,1414185.0,3049302.0
44.0,184.0,68.0,0,0,0,AR,2013-10-10,Energy,3,29240916.0,11067074.0,27015618.0
21.0,415.0,51.0,1,1,1,QTS,2013-10-09,Real Estate,2,5399535.0,1131157.0,2929752.0
14.0,5000.0,62.0,0,0,0,PBPB,2013-10-04,Consumer Cyclical,4,16996007.0,9044776.0,23665110.0
20.0,0.0,58.0,1,1,1,CHMI,2013-10-04,Real Estate,4,5532565.0,2067948.0,3418652.0
17.0,29556.0,69.0,0,0,0,BURL,2013-10-02,Consumer Defensive,2,15051439.0,3677962.0,7668046.0
13.0,629.0,60.0,1,1,1,ESRT,2013-10-02,Real Estate,2,28047413.0,14209666.0,26088941.0
22.0,438.0,50.0,0,0,0,RMAX,2013-10-02,Real Estate,2,13845246.0,6646935.0,10510260.0
6.0,33.0,52.0,0,0,1,FATE,2013-10-01,Healthcare,1,2077023.0,1540482.0,3034686.0
5.0,10.0,80.0,0,0,0,IPWR,2013-11-22,Industrials,4,240432.0,514503.0,1026976.0
12.0,151.0,48.0,0,0,0,OXFD,2013-11-22,Healthcare,4,2250116.0,238480.0,1961542.0
20.0,1514.0,53.0,0,0,0,VNCE,2013-11-22,Consumer Cyclical,4,1316283.0,310078.0,1201314.0
13.0,353.0,43.0,0,0,0,WBAI,2013-11-22,Consumer Cyclical,4,6900371.0,2803780.0,12333120.0
19.0,22.0,82.0,0,1,1,NVGS,2013-11-21,Industrials,3,743028.0,12378.0,635406.0
14.75,187.0,56.0,1,1,1,EVGN,2013-11-21,Healthcare,3,2500.0,0.0,1250.0
15.0,307.0,67.0,0,0,0,TNDM,2013-11-14,Healthcare,3,398979.0,156771.0,591986.0
12.0,3300.0,63.0,0,0,0,HMHC,2013-11-14,Consumer Defensive,3,8285328.0,2335387.0,8345506.0
11.0,259.0,57.46021093000968,1,0,0,EROS,2013-11-13,Consumer Cyclical,2,33.0,0.0,2333.0
18.0,0.0,45.0,1,1,1,DLNG,2013-11-13,Industrials,2,7048025.0,2213230.0,5624677.0
12.5,613.0,60.0,1,1,1,CHGG,2013-11-13,Consumer Defensive,2,17261676.0,8025696.0,25063847.0
20.0,10400.0,57.0,1,1,0,STAY,2013-11-13,Consumer Cyclical,2,23364523.0,6346853.0,18751611.0
13.0,175.0,63.0,0,0,1,NMIH,2013-11-08,Financial Services,4,1552294.0,584550.0,6120583.0
11.0,191.0,51.0,0,0,0,LGIH,2013-11-07,Consumer Cyclical,3,2569711.0,852293.0,3330356.0
26.0,2300.0,45.0,0,0,0,TWTR,2013-11-07,Technology,3,117701670.0,78154423.0,404069584.0
16.5,452.0,51.0,1,0,0,WIX,2013-11-06,Technology,2,11105201.0,2136291.0,7100836.0
16.0,23.0,59.0,0,0,0,KPTI,2013-11-06,Healthcare,2,5951101.0,1183594.0,4908644.0
15.0,18335.0,47.0,1,1,1,AVH,2013-11-06,Industrials,2,13944367.0,7579630.0,19083212.0
20.0,0.0,49.0,1,1,1,BCRH,2013-11-06,Financial Services,2,5130138.0,713079.0,2347568.0
18.0,5375.0,67.0,0,0,0,TCS,2013-11-01,Consumer Cyclical,4,14669627.0,4277771.0,14808165.0
18.0,19000.0,67.0,1,1,1,AMC,2013-12-18,Consumer Cyclical,2,15026351.0,3672672.0,12203636.0
20.0,151000.0,59.0,0,0,0,HLT,2013-12-12,Consumer Cyclical,3,33654926.0,17648148.0,41057377.0
7.0,9.0,55.0,0,0,0,KIN,2013-12-12,Healthcare,3,1132825.0,495033.0,2782438.0
9.75,1.0,43.0,0,0,0,SALT,2013-12-12,Industrials,3,825685.0,392204.0,1570850.0
7.0,22.0,57.46021093000968,0,0,0,TLOG,2013-12-12,Healthcare,3,1516894.0,2223630.0,4064117.0
13.5,8.0,63.0,1,1,1,CTT,2013-12-12,Real Estate,3,9415331.500914076,7682245.983546618,17965314.22760512
20.0,272000.0,64.0,0,0,0,ARMK,2013-12-12,Consumer Cyclical,3,17190810.0,5214199.0,12341002.0
17.0,1092.0,61.0,0,0,0,ATHM,2013-12-11,Technology,2,9782249.0,4452567.0,14819399.0
5.5,31.0,52.0,0,0,0,XNCR,2013-12-03,Healthcare,1,1863464.0,841253.0,2750660.0
11.0,11.0,58.0,0,0,0,CARA,2014-01-31,Healthcare,4,2016169.0,987533.0,8382661.0
11.0,128.0,74.0,0,0,0,NWHM,2014-01-31,Consumer Cyclical,4,3758169.0,1083423.0,3063773.0
21.0,59.0,62.0,0,0,0,RARE,2014-01-31,Healthcare,4,4392791.0,1488237.0,4786469.0
14.0,408.0,61.0,0,0,0,MBUU,2014-01-31,Consumer Cyclical,4,5158723.0,964323.0,4604256.0
7.0,31.0,59.0,1,0,0,TRVN,2014-01-31,Healthcare,4,3096395.0,464260.0,3159818.0
15.0,24.0,53.0,0,0,0,DRNA,2014-01-30,Healthcare,3,3966358.0,1586866.0,4453930.0
17.0,543.0,52.0,0,0,0,CRCM,2014-01-24,Technology,4,7471826.0,4325023.0,11920392.0
5.5,27.0,67.0,0,0,0,AKER,2014-01-23,Healthcare,3,25.0,0.0,0.0
24.0,3900.0,60.0,1,1,1,SC,2014-01-23,Financial Services,3,34094857.0,19091394.0,36355633.0
20.0,809.0,45.0,1,1,1,EPE,2014-01-17,Energy,4,23043939.0,18421366.0,37759797.0
20.0,0.0,58.0,1,1,1,CELP,2014-01-15,Energy,2,1586023.0,986183.0,2900104.0
8.0,28.0,63.0,0,0,0,GLYC,2014-01-10,Healthcare,4,4008415.0,1531743.0,5204636.0
8.5,22.0,49.0,1,1,1,RTRX,2014-01-10,Healthcare,4,30.0,24.0,239.0
22.0,573.0,47.0,0,0,0,VRNS,2014-02-28,Technology,4,7376507.0,3756321.0,13670428.0
7.0,12.0,68.0,1,1,1,SMLR,2014-02-21,Healthcare,4,461300.0,865200.0,1111800.0
16.0,354.0,57.0,1,0,0,INGN,2014-02-14,Healthcare,4,3611542.0,810168.0,3603751.0
11.0,3100.0,58.0,0,0,0,IBP,2014-02-13,Basic Materials,3,3809584.0,1067018.0,3174415.0
14.0,43.0,62.0,0,0,1,CNCE,2014-02-13,Healthcare,3,4158607.0,1124031.0,5416542.0
15.0,22.0,62.0,1,1,1,EGRX,2014-02-12,Healthcare,2,5948257.0,1193816.0,6010621.0
13.0,16.0,70.0,0,0,0,FLXN,2014-02-12,Healthcare,2,1560702.0,360057.0,2321424.0
7.0,404.0,67.0,0,0,0,GPRK,2014-02-07,Energy,4,1928.0,0.0,45300.0
17.0,59.0,62.0,1,1,1,LADR,2014-02-06,Real Estate,3,7249567.0,1774371.0,7352510.0
16.0,64.0,60.0,0,0,0,RVNC,2014-02-06,Healthcare,3,5044547.0,1340829.0,5393144.0
17.0,87.0,50.0,1,1,1,QURE,2014-02-05,Healthcare,2,4689665.0,1540286.0,3369425.0
12.0,39.0,53.0,1,1,0,GNCA,2014-02-05,Healthcare,2,2110512.0,532452.0,2446468.0
14.0,470.0,54.0,0,0,0,CBPX,2014-02-05,Basic Materials,2,7478549.0,2311541.0,7078293.0
10.0,28.0,59.0,0,0,0,BIOC,2014-02-05,Healthcare,2,241246.0,179095.0,397468.0
14.5,0.0,59.0,1,1,1,BRG,2014-03-28,Real Estate,4,9415331.500914076,7682245.983546618,17965314.22760512
10.0,520.0,58.0,0,1,1,HIVE,2014-03-28,Technology,4,7596484.0,3005709.0,7316400.0
13.0,594.0,52.0,0,0,1,TWOU,2014-03-28,Technology,4,9464966.0,2734455.0,7064212.0
6.0,9.0,73.0,0,0,0,WATT,2014-03-28,Technology,4,1905748.0,5759684.0,9656165.0
16.0,1783.0,66.0,0,0,0,TNET,2014-03-27,Industrials,3,14207051.0,6259794.0,13988107.0
12.0,17.0,61.0,0,0,0,AGTC,2014-03-27,Healthcare,3,1566063.0,505618.0,1499176.0
13.0,505.0,62.0,0,0,0,AMBR,2014-03-21,Technology,4,5235127.0,1800977.0,4668186.0
15.0,591.0,68.0,0,0,1,ATEN,2014-03-21,Technology,4,12704154.0,3906407.0,12644529.0
13.0,425.0,50.0,0,0,1,QTWO,2014-03-20,Technology,3,12593142.0,3348870.0,8268097.0
17.0,28.0,58.0,0,0,0,AKBA,2014-03-20,Healthcare,3,4677213.0,1450535.0,10691565.0
14.0,43.0,49.0,0,0,1,MDWD,2014-03-20,Healthcare,3,5402504.0,3130338.0,7126428.0
17.0,838.0,50.0,0,0,0,PCTY,2014-03-19,Technology,2,9435344.0,3239915.0,8421926.0
16.0,287.0,54.0,0,0,1,CSLT,2014-03-14,Technology,4,11539025.0,5541110.0,28315461.0
13.5,5.0,57.0,0,1,1,GLMD,2014-03-13,Healthcare,3,2356169.0,984994.0,2323938.0
12.0,39.0,57.46021093000968,0,0,0,AKAO,2014-03-12,Healthcare,2,3362057.0,1581242.0,4457898.0
11.0,12.0,57.0,0,0,1,AQXP,2014-03-07,Healthcare,4,2104040.0,1005845.0,2164652.0
8.0,5.0,70.0,0,0,1,REPH,2014-03-07,Healthcare,4,1148604.0,764524.0,2725774.0
16.0,10000.0,53.0,1,1,0,SABR,2014-04-17,Technology,3,18330618.0,4513155.0,23799632.0
9.5,3000.0,54.0,0,0,1,SPWH,2014-04-17,Consumer Cyclical,3,5561366.0,1576678.0,6113565.0
10.0,4204.0,57.46021093000968,0,0,0,LEJU,2014-04-17,Real Estate,3,8978030.0,4521101.0,13109939.0
25.0,470.0,63.0,1,1,1,MC,2014-04-16,Financial Services,2,4441719.0,1070473.0,3487375.0
15.0,840.0,52.0,0,0,1,PAYC,2014-04-15,Technology,1,3531656.0,1025573.0,3120882.0
12.5,0.0,46.0,1,1,1,CIO,2014-04-15,Real Estate,1,379110.0,247019.0,607655.0
17.0,2043.0,57.46021093000968,0,0,0,WB,2014-04-14,Technology,0,32797414.0,40772724.0,85324523.0
15.0,1129.0,75.0,0,0,0,PAHC,2014-04-11,Healthcare,4,4251095.0,999557.0,3536149.0
14.0,2.0,60.0,1,1,1,FPI,2014-04-11,Real Estate,4,1237398.0,406730.0,942819.0
20.0,0.0,64.0,1,1,1,ENBL,2014-04-11,Energy,4,18278237.0,3667172.0,12733577.0
16.0,22.0,58.0,1,1,0,ADMS,2014-04-10,Healthcare,3,2331496.0,329125.0,1930329.0
25.0,7100.0,49.0,1,1,0,ALLY,2014-04-10,Financial Services,3,531340.0,359600.0,716100.0
26.0,680.0,46.0,0,0,0,GRUB,2014-04-04,Technology,4,10970081.0,4913900.0,16931741.0
7.0,533.0,49.0,0,0,1,FIVN,2014-04-04,Technology,4,5521156.0,1869111.0,6541702.0
9.0,3104.0,51.0,0,0,1,TEDU,2014-04-03,Consumer Defensive,3,12003950.0,8972750.0,22529139.0
15.0,344.0,60.0,0,0,1,RUBI,2014-04-02,Technology,2,8471172.0,2364781.0,8034675.0
8.0,5.0,65.0,1,0,0,PIH,2014-04-01,Financial Services,1,634106.0,587307.0,1076548.0
6.0,13.0,59.0,0,0,0,RESN,2014-05-29,Technology,3,478896.0,235663.0,765261.0
18.5,98.0,40.0,0,0,0,PE,2014-05-23,Energy,4,22290720.0,7975870.0,39519223.0
6.0,11.0,63.0,1,0,0,AGRX,2014-05-23,Healthcare,4,3329708.0,1003099.0,6975018.0
11.0,90.0,50.0,1,0,0,HRTG,2014-05-23,Financial Services,4,2207396.0,570603.0,3276261.0
4.0,56.0,61.0,0,0,0,SDPI,2014-05-23,Energy,4,1125600.0,2196200.0,3777700.0
19.0,50122.0,49.0,0,0,0,JD,2014-05-22,Consumer Cyclical,3,84449677.0,67836292.0,196565493.0
4.75,72.0,54.0,0,0,0,TGEN,2014-05-20,Basic Materials,1,19745.0,577826.0,2198879.0
9.0,361.0,68.0,0,0,0,TRUE,2014-05-16,Technology,4,6569062.0,2238776.0,14358507.0
22.0,876.0,39.0,0,0,0,JMEI,2014-05-16,Consumer Cyclical,4,15923731.0,6638449.0,43188617.0
18.0,107.0,62.0,1,1,0,BWFG,2014-05-15,Financial Services,3,3000.0,0.0,0.0
9.0,614.0,51.0,0,0,0,ZEN,2014-05-15,Technology,3,8424569.0,6924862.0,12401142.0
91.0,275.0,67.0,1,1,1,SFBS,2014-05-14,Financial Services,2,2797896.0,3721908.0,6517860.0
9.0,1415.0,41.0,0,0,0,TOUR,2014-05-09,Consumer Cyclical,4,6222274.0,2279312.0,13478752.0
23.0,0.0,71.0,1,1,1,PBFX,2014-05-09,Energy,4,9633912.0,1389296.0,4346613.0
14.0,1178.0,44.0,0,1,0,CMCM,2014-05-08,Technology,3,7691734.0,3455185.0,22338129.0
19.0,3107.493309545049,57.46021093000968,1,0,0,LPG,2014-05-08,Industrials,3,3735483.0,1026027.0,5587238.0
10.0,77.0,54.0,0,0,0,ALDR,2014-05-08,Healthcare,3,1950841.0,456932.0,4356774.0
21.0,3107.493309545049,45.0,1,1,0,GLOP,2014-05-07,Energy,2,4693801.0,1599839.0,4580701.0
10.0,90.0,62.0,1,1,1,SCYX,2014-05-02,Healthcare,4,847504.0,253849.0,760582.0
11.0,1130.0,57.0,0,1,1,FRSH,2014-05-02,Consumer Cyclical,4,4446775.0,2207742.0,9646957.0
8.0,2.0,50.0,1,0,0,ALDX,2014-05-02,Healthcare,4,540615.0,107058.0,244711.0
19.0,700.0,50.0,1,1,1,ARES,2014-05-02,Financial Services,4,7698177.0,3457435.0,8401003.0
17.0,50200.0,63.0,0,1,1,MIK,2014-06-27,Consumer Cyclical,4,18023399.0,3752472.0,14726445.0
25.0,0.0,59.0,0,0,0,NEP,2014-06-27,Utilities,4,11796631.0,4416260.0,12151717.0
17.0,13000.0,58.0,1,1,1,SERV,2014-06-26,Industrials,3,13047166.0,4103939.0,14053194.0
24.0,718.0,47.0,0,0,0,GPRO,2014-06-26,Technology,3,45837325.0,157311681.0,348114921.0
7.0,1217.0,75.0,0,0,0,AMPH,2014-06-25,Healthcare,2,4159688.0,2844470.0,4900814.0
12.0,997.0,60.0,1,0,0,MTLS,2014-06-25,Technology,2,6074896.0,5884999.0,10746299.0
12.0,1513.0,49.0,0,0,0,XNET,2014-06-24,Technology,1,10653232.0,7905082.0,15928428.0
14.0,37.0,57.0,0,0,1,ARDX,2014-06-19,Healthcare,3,1557528.0,308418.0,1076416.0
16.0,13.0,64.0,1,1,1,ZFGN,2014-06-19,Healthcare,3,3289493.0,1799244.0,2761895.0
26.0,0.0,60.0,1,1,1,VNOM,2014-06-18,Energy,2,7080585.0,2167389.0,4054345.0
20.0,0.0,51.0,1,1,1,FELP,2014-06-18,Basic Materials,2,16015429.0,3762105.0,7946044.0
23.0,181.0,57.46021093000968,1,1,1,CCS,2014-06-18,Consumer Cyclical,2,4241818.0,944041.0,2300379.0
11.0,226.0,65.0,1,0,1,ASPN,2014-06-13,Basic Materials,4,3337279.0,871491.0,1931305.0
9.0,632.0,55.0,0,0,1,MOBL,2014-06-12,Technology,3,12544999.0,3539752.0,12922363.0
19.0,2129.0,57.46021093000968,1,0,1,TSE,2014-06-12,Consumer Cyclical,3,5453896.0,2610198.0,6285387.0
16.0,5.0,43.0,0,0,0,NAO,2014-06-12,Industrials,3,290.0,0.0,10589205.0
8.0,13.0,62.0,0,0,0,RDUS,2014-06-06,Healthcare,4,1719931.0,586193.0,2109354.0
43.0,850.0,61.0,0,0,0,ANET,2014-06-06,Technology,4,7255086.0,4586589.0,13213620.0
20.5,8000.0,58.0,1,0,0,CTLT,2014-07-31,Healthcare,3,14208657.0,5645497.0,19184612.0
14.0,381.0,54.0,0,0,0,HQY,2014-07-31,Technology,3,5732286.0,1930533.0,4635046.0
8.0,4.0,65.0,0,0,0,MRNS,2014-07-31,Healthcare,3,622183.0,196078.0,923902.0
23.0,9333.0,57.46021093000968,1,1,0,SYF,2014-07-31,Financial Services,3,56483860.0,27403751.0,64973951.0
24.0,0.0,72.0,1,1,1,WLKP,2014-07-30,Basic Materials,2,11547712.0,1993822.0,3966849.0
18.0,137.0,48.0,1,1,1,SPKE,2014-07-29,Utilities,1,5253192.0,911158.0,1925776.0
15.0,4460.0,53.0,0,0,0,LOCO,2014-07-25,Consumer Cyclical,4,23673589.0,96405272.0,164400660.0
13.0,58.0,55.0,0,1,0,OCUL,2014-07-25,Healthcare,4,1877770.0,822754.0,2301847.0
18.0,1386.0,60.0,1,1,1,OEC,2014-07-25,Basic Materials,4,7979538.0,3896963.0,7557375.0
16.0,3700.0,57.46021093000968,0,0,0,WMS,2014-07-25,Consumer Cyclical,4,5148596.0,1888196.0,5406471.0
11.0,146.0,52.0,0,0,0,XENT,2014-07-24,Healthcare,3,3201280.0,589136.0,2289474.0
11.0,2680.0,54.0,1,1,1,TSQ,2014-07-24,Consumer Cyclical,3,5550042.0,3053842.0,5361880.0
6.0,25.0,50.0,1,1,0,PFNX,2014-07-24,Healthcare,3,9415331.500914076,7682245.983546618,17965314.22760512
12.0,27.0,57.46021093000968,0,1,0,IMDZ,2014-07-24,Healthcare,3,1960783.0,445019.0,912276.0
5.0,1095.0,45.0,1,1,1,MTBC,2014-07-23,Technology,2,1877823.0,632465.0,1745045.0
10.0,3322.0,54.0,0,0,0,GLOB,2014-07-18,Technology,4,4147881.0,847898.0,2423328.0
18.0,25.0,69.0,0,0,0,SAGE,2014-07-18,Healthcare,4,5817650.0,778049.0,1876123.0
25.0,0.0,57.46021093000968,1,1,1,TERP,2014-07-18,Utilities,4,16351910.0,4974293.0,12936763.0
10.0,335.0,53.0,0,0,1,TRUP,2014-07-18,Financial Services,4,4233470.0,1881142.0,4925069.0
10.0,55.0,55.0,1,0,0,CDNA,2014-07-17,Healthcare,3,1595625.0,376630.0,647656.0
6.25,46.0,69.0,0,0,0,IRMD,2014-07-16,Healthcare,2,902726.0,252808.0,747399.0
14.0,171.0,57.46021093000968,1,1,1,ISTR,2014-07-01,Financial Services,1,795844.0,507896.0,730415.0
6.0,6.0,61.0,0,0,0,NERV,2014-07-01,Healthcare,1,2886766.0,1034002.0,5134731.0
16.0,37.0,62.0,0,0,0,OTIC,2014-08-13,Healthcare,2,6209247.0,1358422.0,4268296.0
11.0,3650.0,56.0,1,1,0,RYI,2014-08-08,Industrials,4,6666653.0,1281694.0,5604997.0
11.0,238.0,52.0,1,1,1,ICD,2014-08-08,Energy,4,4121479.0,2073385.0,5216703.0
20.0,3107.493309545049,54.0,1,1,1,HMLP,2014-08-07,Industrials,3,6087481.0,2443051.0,3595510.0
11.0,68.0,62.0,0,0,0,TTOO,2014-08-07,Healthcare,3,2855890.0,766185.0,2694838.0
6.0,13.0,54.0,0,0,0,EARS,2014-08-06,Healthcare,2,174646.0,64056.0,248167.0
12.5,40.0,57.46021093000968,1,1,1,GWGH,2014-09-25,Financial Services,3,283383.0,67900.0,131356.0
16.0,4700.0,55.0,1,1,1,TVPT,2014-09-25,Consumer Cyclical,3,19126104.0,8038939.0,20369818.0
18.0,70.0,57.46021093000968,1,1,1,MDLY,2014-09-24,Financial Services,2,4739188.0,1335841.0,3613174.0
12.0,8805.0,67.0,1,1,1,SFS,2014-09-24,Consumer Defensive,2,12221961.0,4754751.0,9116427.0
7.0,12275.0,58.0,1,1,1,ICL,2014-09-24,Basic Materials,2,1050.0,22658.0,118576.0
16.0,487.0,53.0,0,0,0,CYBR,2014-09-24,Technology,2,21819852.0,36378908.0,75982324.0
21.5,18050.0,65.0,1,1,0,CFG,2014-09-24,Financial Services,2,60456032.0,26908114.0,65091906.0
13.5,55893.0,57.46021093000968,1,1,1,AVAL,2014-09-23,Financial Services,1,24245820.0,15814109.0,24376470.0
68.0,22072.0,50.0,0,0,0,BABA,2014-09-19,Consumer Cyclical,4,271879435.0,209994947.0,658337745.0
6.0,24.0,55.0,0,1,1,FOMX,2014-09-18,Healthcare,3,16000277.0,4625390.0,8232482.0
13.0,49.0,39.0,0,0,1,PRQR,2014-09-18,Healthcare,3,6760553.0,1833216.0,4895570.0
12.0,63.0,65.0,0,0,0,RWLK,2014-09-12,Healthcare,4,12778627.0,28974665.0,41987145.0
7.0,53.0,60.0,1,1,1,AFMD,2014-09-12,Healthcare,4,3576217.0,1214519.0,2166071.0
16.0,1800.0,52.0,1,1,0,BOOT,2014-10-30,Consumer Cyclical,3,6884159.0,1587146.0,4161153.0
17.0,90.0,57.46021093000968,1,1,1,FSAM,2014-10-30,Financial Services,3,9415331.500914076,7682245.983546618,17965314.22760512
23.0,0.0,54.0,0,0,0,SHLX,2014-10-29,Energy,2,33437095.0,6075733.0,17001407.0
15.0,93.0,75.0,0,0,0,SIEN,2014-10-29,Healthcare,2,3273201.0,7853531.0,9557976.0
21.64,47.0,57.46021093000968,0,0,0,DBVT,2014-10-22,Healthcare,2,1239722.0,1204634.0,2572147.0
10.0,12.0,60.0,0,0,1,PRTO,2014-10-22,Healthcare,2,679352.0,546044.0,1451731.0
19.0,1513.0,59.0,0,0,0,ZAYO,2014-10-17,Technology,4,8178604.0,2502196.0,11956282.0
11.0,15.0,51.0,1,0,0,ATRA,2014-10-16,Healthcare,3,1416103.0,405234.0,1873072.0
21.0,10.0,45.0,1,1,1,FWP,2014-10-15,Healthcare,2,4063212.0,1256634.0,3241422.0
18.0,1469.0,65.0,1,1,1,GWB,2014-10-15,Financial Services,2,6984912.0,1501151.0,7151740.0
16.0,10961.0,60.0,0,0,0,PLAY,2014-10-10,Consumer Cyclical,4,7045090.0,1481069.0,5227984.0
13.0,1018.0,63.0,0,0,0,DPLO,2014-10-10,Healthcare,4,8050530.0,2903702.0,9736945.0
25.0,719.0,54.0,0,0,0,HUBS,2014-10-09,Technology,3,8259662.0,2979621.0,6445948.0
17.0,0.0,61.0,1,1,1,USDP,2014-10-09,Industrials,3,5280399.0,1890095.0,3861868.0
13.0,126.0,62.0,0,0,0,VBTX,2014-10-09,Financial Services,3,1050728.0,138589.0,643174.0
16.0,25.0,70.0,1,1,0,DERM,2014-10-03,Healthcare,4,5631288.0,1847670.0,2876599.0
15.0,153641.0,59.0,1,1,1,ATTO,2014-10-02,Industrials,3,6995071.0,4017307.0,9084528.0
15.0,750.0,54.0,1,1,1,AAC,2014-10-02,Healthcare,3,2799073.0,706741.0,3618453.0
10.0,36.0,68.0,1,1,1,CALA,2014-10-02,Healthcare,3,4633059.0,1088845.0,3509996.0
29.0,2104.0,48.0,0,1,1,W,2014-10-02,Consumer Cyclical,3,16000561.0,9943194.0,29583206.0
16.0,2288.0,52.0,0,1,1,VSLR,2014-10-01,Technology,2,24800198.0,17262475.0,36865342.0
6.0,32.0,65.0,1,0,0,VBLT,2014-10-01,Healthcare,2,1242273.0,151063.0,538735.0
9.0,450.0,69.0,1,1,1,SKIS,2014-11-21,Consumer Cyclical,4,4342872.0,1415145.0,5136243.0
18.0,2852.0,68.0,0,0,0,HABT,2014-11-20,Consumer Cyclical,3,11103026.0,9984074.0,28606127.0
9.0,126.0,59.0,0,0,0,EYES,2014-11-19,Healthcare,2,5016154.0,18968957.0,28444462.0
17.5,217.0,70.0,1,1,1,PGRE,2014-11-19,Real Estate,2,57281771.0,27858668.0,75700918.0
18.5,48.0,65.0,1,1,1,STOR,2014-11-18,Real Estate,1,10252827.0,3907683.0,15903241.0
12.0,3331.0,57.46021093000968,1,0,1,EHIC,2014-11-18,Healthcare,1,6117578.0,2367213.0,6802063.0
18.0,337.0,68.0,0,0,0,FGEN,2014-11-14,Healthcare,4,6442284.0,2425946.0,8774894.0
19.0,0.0,63.0,1,1,1,LMRK,2014-11-14,Real Estate,4,605694.0,242109.0,837437.0
18.0,10600.0,63.0,0,0,0,PRAH,2014-11-13,Healthcare,3,6182450.0,2437655.0,11179877.0
8.0,147.0,56.0,0,0,0,SKYS,2014-11-13,Utilities,3,338320.0,952839.0,1512404.0
19.5,12650.0,54.0,0,0,0,AXTA,2014-11-12,Basic Materials,2,24860672.0,9251885.0,34093144.0
6.5,19.0,63.0,1,0,0,JYNT,2014-11-11,Healthcare,1,623899.0,316202.0,835558.0
15.0,150.0,59.0,0,0,1,FRPT,2014-11-07,Consumer Defensive,4,9931798.0,2530861.0,18176296.0
12.0,463.0,44.0,0,0,0,TBK,2014-11-07,Financial Services,4,1377356.0,499632.0,2019191.0
12.0,296.0,59.0,1,1,1,UPLD,2014-11-06,Technology,3,2617636.0,679541.0,2894040.0
13.5,46.0,67.0,1,1,1,CHRS,2014-11-06,Healthcare,3,3432498.0,1270388.0,4512631.0
18.0,114.0,62.0,0,0,0,NVRO,2014-11-06,Healthcare,3,5642431.0,1016762.0,4406846.0
25.0,0.0,68.0,1,1,1,AM,2014-11-05,Energy,2,30912742.0,4260546.0,11597108.0
9.0,74.0,54.0,0,0,0,XENE,2014-11-05,Healthcare,2,702302.0,1929154.0,3002651.0
19.0,30.0,53.0,0,0,0,BLCM,2014-12-18,Healthcare,3,9516832.0,4562468.0,15901891.0
20.0,369.0,47.0,0,0,1,ONDK,2014-12-17,Financial Services,2,12699924.0,4771491.0,15228616.0
14.0,949.0,65.0,1,1,1,WK,2014-12-12,Technology,4,5035122.0,1313656.0,4072202.0
23.0,534.0,52.0,0,0,0,NEWR,2014-12-12,Technology,4,8348556.0,2091108.0,6276962.0
11.0,232463.0,58.0,1,1,1,FCAU,2014-12-12,Consumer Cyclical,4,181.0,1484.0,22006.0
21.0,288.0,57.46021093000968,1,1,1,JRVR,2014-12-12,Financial Services,4,3419256.0,1942940.0,4294737.0
15.0,742.0,53.0,0,0,0,LC,2014-12-11,Financial Services,3,46538539.0,53616314.0,111401705.0
13.5,358.0,43.0,1,1,1,MOMO,2014-12-11,Technology,3,19850705.0,17052437.0,33348510.0
11.0,45.0,50.0,1,1,1,HSGX,2014-12-03,Healthcare,2,1638277.0,868290.0,2183101.0
13.0,116.0,60.0,0,0,0,AVGR,2015-01-30,Healthcare,4,67470.0,29006.0,66578.0
23.0,0.0,54.0,1,1,1,HIFR,2015-01-30,Real Estate,4,13924943.0,2955267.0,11590441.0
23.0,47.0,43.0,0,0,0,ONCE,2015-01-30,Healthcare,4,7121164.0,1752115.0,5995990.0
21.0,1680.0,47.0,0,0,0,SHAK,2015-01-30,Consumer Cyclical,4,16275333.0,7074682.0,23074719.0
10.0,14.0,58.0,1,1,0,TCON,2015-01-30,Healthcare,4,998983.0,263208.0,4208503.0
10.0,33.0,57.46021093000968,1,1,1,LENS,2015-01-29,Healthcare,3,1347751.0,1730702.0,2310527.0
16.0,15.0,64.0,1,1,0,FLKS,2015-01-29,Healthcare,3,5211585.0,867289.0,2718792.0
18.0,55.0,62.0,0,1,0,ASND,2015-01-28,Healthcare,2,3507107.0,1265055.0,2613369.0
11.0,29.0,73.0,0,0,0,ZSAN,2015-01-27,Healthcare,1,78256.0,31615.0,64463.0
12.25,2270.0,63.0,1,1,1,EURN,2015-01-23,Industrials,4,100.0,0.0,0.0
14.0,1131.0,37.0,0,0,0,BOX,2015-01-23,Technology,4,42593223.0,24754129.0,57734405.0
15.75,100.0,57.46021093000968,0,0,0,ICBK,2015-01-16,Financial Services,4,648702.0,96302.0,239921.0
14.25,0.0,61.0,1,1,1,AJX,2015-02-13,Real Estate,4,1315226.0,334013.0,1370296.0
12.0,48.0,48.0,1,1,1,BLPH,2015-02-13,Healthcare,4,1528330.0,156624.0,1475004.0
16.0,161.0,48.0,0,0,0,NVTA,2015-02-12,Healthcare,3,6712166.0,1238526.0,5378828.0
27.0,2474.0,53.0,0,0,0,INOV,2015-02-12,Technology,3,19438933.0,7504332.0,18148170.0
15.0,25.0,60.0,1,1,1,DEA,2015-02-06,Real Estate,4,3498080.0,1532774.0,5420173.0
20.0,0.0,64.0,1,1,1,JCAP,2015-03-27,Real Estate,4,366601.0,188866.0,906502.0
21.0,220.0,57.46021093000968,1,1,1,FSB,2015-03-26,Financial Services,3,5000.0,0.0,0.0
18.0,360.0,58.0,0,0,0,SEDG,2015-03-26,Technology,3,6565708.0,2108759.0,8585833.0
41.5,93.0,57.46021093000968,0,1,1,CLLS,2015-03-25,Healthcare,2,4185663.0,3800364.0,7314709.0
4.0,179.0,59.0,0,0,0,TANH,2015-03-24,Basic Materials,1,241870.0,606651.0,1919175.0
19.5,240.0,57.46021093000968,0,0,0,NCOM,2015-03-19,Healthcare,3,588736.0,162477.0,433801.0
18.0,3990.0,66.0,1,1,1,SUM,2015-03-12,Basic Materials,3,14613558.0,3445668.0,11231131.0
9.9,24.0,66.0,0,0,0,SMMT,2015-03-05,Healthcare,3,1470452.0,528930.0,1405532.0
18.0,60.0,51.0,0,0,0,BPMC,2015-04-30,Healthcare,3,7157672.0,1975444.0,8041881.0
20.0,3107.493309545049,51.0,1,1,1,EVA,2015-04-29,Basic Materials,2,9685209.0,2000143.0,5093185.0
8.0,5.0,56.0,0,0,1,VKTX,2015-04-29,Healthcare,2,435200.0,514357.0,1703377.0
13.0,13.0,65.0,1,1,1,NSA,2015-04-23,Real Estate,3,11165495.0,2194689.0,6530736.0
17.0,18027.0,70.0,0,0,0,PRTY,2015-04-16,Consumer Cyclical,3,19374411.0,6555959.0,18043510.0
19.0,148.0,57.0,1,1,1,VIRT,2015-04-16,Financial Services,3,15680086.0,9204052.0,19535465.0
11.0,18.0,49.0,0,0,0,KMPH,2015-04-16,Healthcare,3,2805801.0,449860.0,1746721.0
16.0,685.0,53.0,0,0,0,ETSY,2015-04-16,Consumer Cyclical,3,19763334.0,12502078.0,50531523.0
19.0,56.0,60.0,0,0,0,XBIT,2015-04-15,Healthcare,2,1022880.0,1622804.0,6288867.0
16.0,33.0,67.0,0,1,1,CDTX,2015-04-15,Healthcare,2,4512149.0,1114809.0,4738688.0
17.0,53.0,73.0,0,0,0,ADRO,2015-04-15,Healthcare,2,6884160.0,5917493.0,17972269.0
10.0,251.0,57.46021093000968,0,0,0,KRNT,2015-04-02,Industrials,3,3064280.0,577105.0,2631868.0
20.0,4908.0,51.0,0,0,0,GDDY,2015-04-01,Technology,2,23169100.0,9868392.0,22632606.0
10.0,1708.0,54.0,0,0,0,BZUN,2015-05-21,Consumer Cyclical,3,9467872.0,14408873.0,34161245.0
19.0,3107.493309545049,63.0,1,1,1,CHCT,2015-05-21,Real Estate,3,1118388.0,678588.0,2581173.0
17.0,632.0,41.0,0,0,0,SHOP,2015-05-21,Technology,3,12303919.0,5116696.0,19244292.0
17.0,0.0,64.0,0,0,0,FTAI,2015-05-15,Industrials,4,10519955.0,3055791.0,9593238.0
8.0,76.0,68.0,0,0,0,RKDA,2015-05-15,Basic Materials,4,64936.0,36559.0,138600.0
42.05,417.0,63.0,1,1,1,GLPG,2015-05-14,Healthcare,3,500.0,500.0,2000.0
7.0,17.0,63.0,0,0,0,JAGX,2015-05-13,Healthcare,2,422625.0,252812.0,901070.0
5.0,16.0,60.0,1,1,1,BVXV,2015-05-12,Healthcare,1,445604.0,1266919.0,2347827.0
12.0,24.0,51.0,0,0,0,COLL,2015-05-07,Healthcare,3,1014850.0,505274.0,2532594.0
14.0,49.0,50.0,0,0,0,LIFE,2015-05-07,Healthcare,3,3303252.0,2093393.0,4928192.0
14.0,77.0,58.0,1,0,0,HTGM,2015-05-06,Healthcare,2,905963.0,467071.0,2697811.0
17.0,106.0,63.0,1,1,0,ADAP,2015-05-06,Healthcare,2,8301712.0,3945098.0,10524423.0
6.0,29.0,65.0,0,0,0,OPGN,2015-05-05,Healthcare,1,27807.0,14210.0,43251.0
19.0,117.0,70.0,1,1,1,BSM,2015-05-01,Energy,4,17631209.0,7421456.0,15448802.0
14.0,437.0,53.0,0,0,0,ALRM,2015-06-26,Technology,4,9088360.0,4470562.0,13257140.0
12.0,430.0,49.0,0,0,0,APPF,2015-06-26,Technology,4,3529122.0,774679.0,2865265.0
15.0,0.0,57.0,1,1,1,GPP,2015-06-26,Energy,4,7284822.0,2321076.0,4717265.0
18.0,46.0,46.0,0,0,0,MCRB,2015-06-26,Healthcare,4,9079590.0,3289597.0,6684215.0
22.5,4100.0,57.0,0,0,0,TRU,2015-06-25,Industrials,3,25922513.0,7755929.0,17561703.0
20.0,5368.0,63.0,1,1,1,MCRN,2015-06-25,Industrials,3,8344220.0,2021654.0,7647958.0
6.0,521.0,62.0,0,0,0,LNTH,2015-06-25,Healthcare,3,2066942.0,568356.0,2426089.0
18.0,126.0,61.0,0,0,0,GKOS,2015-06-25,Healthcare,3,7555305.0,2055979.0,7150562.0
12.0,34.0,54.0,0,0,0,CATB,2015-06-25,Healthcare,3,1687799.0,396964.0,2176116.0
5.0,5.0,39.0,0,1,1,RTTR,2015-06-24,Healthcare,2,145619.0,64346.0,232644.0
68.56,85.0,50.0,1,1,1,CYAD,2015-06-19,Healthcare,4,892877.0,487548.0,1229388.0
20.0,579.0,46.0,0,0,0,FIT,2015-06-18,Technology,3,52045177.0,109315958.0,342006429.0
22.0,8900.0,63.0,0,0,0,UNVR,2015-06-18,Basic Materials,3,18002112.0,4375786.0,12688912.0
19.0,366.0,54.0,0,0,0,WING,2015-06-12,Consumer Cyclical,4,10898994.0,2908153.0,10329255.0
14.5,419.0,63.0,1,1,1,PUB,2015-06-11,Financial Services,3,1409063.0,436308.0,967643.0
17.0,836.0,55.0,0,0,0,EVH,2015-06-05,Technology,4,10806670.0,3378493.0,7916876.0
19.0,2354.0,91.0,1,1,1,DTEA,2015-06-05,Consumer Defensive,4,7716464.0,3944954.0,10359823.0
5.0,13.0,56.0,0,0,0,AQMS,2015-07-31,Industrials,4,537516.0,809759.0,1388344.0
9.0,64.0,64.0,1,1,1,XELB,2015-07-31,Consumer Cyclical,4,0.0,0.0,2.0
15.0,35.0,65.0,1,1,1,VTVT,2015-07-30,Healthcare,3,5015569.0,1867575.0,3580476.0
25.0,15.0,69.0,1,1,1,NK,2015-07-28,Healthcare,1,12758747.0,6517281.0,19852679.0
15.0,62.0,54.0,1,0,0,NEOS,2015-07-23,Healthcare,3,3201487.0,933385.0,3730581.0
17.0,263.0,70.0,0,0,0,LOB,2015-07-23,Financial Services,3,2755657.0,1152564.0,3229412.0
15.0,475.0,60.0,1,1,1,MCFT,2015-07-17,Consumer Cyclical,4,4330283.0,852462.0,4126345.0
13.0,116.0,62.0,1,1,1,OOMA,2015-07-17,Communication Services,4,3786003.0,1436068.0,4550876.0
16.0,554.0,46.0,0,0,0,RPD,2015-07-17,Technology,4,10609267.0,4304523.0,10916861.0
16.0,5000.0,63.0,0,0,0,OLLI,2015-07-16,Consumer Defensive,3,12591082.0,2387891.0,7802367.0
10.0,852.0,59.0,1,1,1,JP,2015-07-16,Financial Services,3,2562437.0,2064492.0,2885229.0
16.0,22.0,59.0,0,0,0,CHMA,2015-07-16,Healthcare,3,5424052.0,2835874.0,7811943.0
7.0,2255.0,61.0,0,0,0,HLG,2015-07-07,Consumer Defensive,1,42252.0,376522.0,501662.0
18.0,674.0,43.0,0,0,1,NTRA,2015-07-02,Healthcare,3,13667967.0,2103215.0,9789763.0
15.0,353.0,56.0,0,0,0,CFMS,2015-07-01,Healthcare,2,5811895.0,6132981.0,12742288.0
19.0,259.0,50.0,0,0,0,TDOC,2015-07-01,Technology,2,10512868.0,3150532.0,11945783.0
9.5,620.0,71.0,1,1,1,UFAB,2015-07-01,Consumer Cyclical,2,573400.0,871000.0,1585200.0
9.21,21.0,57.46021093000968,0,0,0,BNTC,2015-08-18,Healthcare,1,600.0,2404.0,19860.0
21.0,981.0,62.0,1,1,1,HLI,2015-08-13,Financial Services,3,4714933.0,1507862.0,4615985.0
20.0,47.0,63.0,1,1,1,GBT,2015-08-12,Healthcare,2,6957368.0,3215628.0,6676183.0
16.0,21.0,54.0,0,0,0,AIMT,2015-08-06,Healthcare,3,7528303.0,2974268.0,6899027.0
16.0,842.0,49.0,1,1,1,PLNT,2015-08-06,Consumer Cyclical,3,16170276.0,5044776.0,14665793.0
14.0,1700.0,42.0,1,1,1,RUN,2015-08-05,Technology,2,14096975.0,6876758.0,17756579.0
14.0,7.0,64.0,0,0,0,ZYNE,2015-08-05,Healthcare,2,1535500.0,2029897.0,4603372.0
6.0,44.0,55.0,0,0,1,NTEC,2015-08-04,Healthcare,1,343043.0,426584.0,870164.0
10.25,42.0,67.0,0,1,1,NBRV,2015-09-18,Healthcare,4,1906618.0,1250018.0,2096565.0
30.0,1000.0,60.0,1,1,1,PEN,2015-09-18,Healthcare,4,3443812.0,1064692.0,4868555.0
22.0,19.0,47.0,0,1,1,RGNX,2015-09-17,Healthcare,3,6598268.0,2288551.0,6338976.0
10.0,54.0,49.0,0,1,0,MYOK,2015-10-29,Healthcare,3,1475882.0,733765.0,2654777.0
5.0,84.0,59.0,0,0,0,IOTS,2015-10-27,Technology,1,9415331.500914076,7682245.983546618,17965314.22760512
4.06,79.0,60.0,1,1,1,OASM,2015-10-23,Healthcare,4,211910.0,598567.0,955734.0
52.0,2858.0,67.0,0,1,1,RACE,2015-10-21,Consumer Cyclical,2,22497604.0,17701965.0,36883648.0
10.0,13.0,51.0,0,1,1,SBBP,2015-10-16,Healthcare,4,782292.0,892296.0,1645185.0
16.0,23000.0,63.0,0,0,0,FDC,2015-10-15,Industrials,3,64967540.0,49434162.0,122866647.0
10.0,1255.0,59.0,0,0,0,PMTS,2015-10-09,Industrials,4,1463685.0,946362.0,2919610.0
12.0,60.0,55.0,0,1,0,CTMX,2015-10-08,Healthcare,3,1000412.0,369453.0,1466461.0
21.0,304.0,80.0,0,0,0,ABTX,2015-10-08,Financial Services,3,1239681.0,345470.0,1515186.0
11.0,11.0,52.0,0,0,0,ACRS,2015-10-07,Healthcare,2,1158745.0,1019832.0,2463664.0
17.0,1100.0,64.0,0,0,0,PSTG,2015-10-07,Technology,2,18799460.0,19512757.0,37787308.0
22.0,258.0,56.0,0,0,0,NVCR,2015-10-02,Healthcare,4,3210540.0,8682277.0,20089177.0
19.0,12000.0,67.0,0,0,0,PFGC,2015-10-01,Consumer Defensive,3,5652965.0,2656314.0,7254858.0
11.0,18.0,57.46021093000968,0,0,0,EDGE,2015-10-01,Healthcare,3,1830301.0,941798.0,2973473.0
19.0,5200.0,52.0,0,1,1,SGRY,2015-10-01,Healthcare,3,8800490.0,3540675.0,9637383.0
12.0,1316.0,52.0,0,0,0,DLTH,2015-11-20,Consumer Cyclical,4,3342992.0,1124199.0,6419751.0
4.12,2.0,44.0,1,1,1,KTOV,2015-11-20,Healthcare,4,532852.0,616553.0,18673551.0
9.0,9.0,54.0,1,1,0,AXSM,2015-11-19,Healthcare,3,532318.0,192184.0,1496254.0
10.0,619.0,48.0,0,0,1,MIME,2015-11-19,Technology,3,7131458.0,1266094.0,5254495.0
12.0,4800.0,53.0,0,0,0,MTCH,2015-11-19,Technology,3,26921614.0,14494081.0,37258897.0
9.0,1282.0,45.0,0,0,0,SQ,2015-11-19,Technology,3,47440827.0,30937394.0,57659125.0
8.0,115.0,65.0,0,0,0,MESO,2015-11-13,Healthcare,4,2900.0,0.0,2365.0
16.0,709.0,47.0,0,0,0,INST,2015-11-13,Technology,4,3539562.0,878063.0,3355673.0
5.0,108.0,57.46021093000968,1,1,1,XCOM,2015-11-12,Healthcare,3,9415331.500914076,7682245.983546618,17965314.22760512
14.0,49.0,48.0,0,0,0,VYGR,2015-11-11,Healthcare,2,1261016.0,400232.0,3040473.0
16.0,28.0,48.0,0,0,0,WVE,2015-11-11,Healthcare,2,1364137.0,285124.0,1833425.0
22.5,262.0,56.0,0,0,0,EQBK,2015-11-11,Financial Services,2,805467.0,604079.0,2018655.0
8.0,25.0,53.0,0,0,1,KURA,2015-11-05,Healthcare,3,24995.0,1028733.0,1582301.0
5.0,1110.0,57.46021093000968,1,1,1,FORK,2015-11-04,Consumer Cyclical,2,462977.0,819488.0,1917881.0
4.0,6610.0,54.0,0,0,0,CCRC,2015-12-21,Industrials,0,204353.0,597594.0,1912665.0
10.0,541.0,57.46021093000968,1,1,1,YRD,2015-12-18,Financial Services,4,5366821.0,1199646.0,7410060.0
21.0,1395.0,57.46021093000968,0,0,0,TEAM,2015-12-10,Technology,3,15009116.0,6656166.0,24031305.0
8.0,43.0,50.0,0,0,0,PTI,2016-02-11,Healthcare,3,2110558.0,764541.0,3224732.0
24.0,194.0,54.0,0,1,0,BGNE,2016-02-03,Healthcare,2,2064816.0,2168590.0,6220152.0
16.0,55.0,64.0,0,1,0,EDIT,2016-02-03,Healthcare,2,4157947.0,2325979.0,12614581.0
15.0,33.0,71.0,1,1,1,CRVS,2016-03-23,Healthcare,2,1643589.0,659122.0,2928092.0
2.85,39.0,60.0,0,1,0,SENS,2016-03-18,Healthcare,4,1158800.0,1779500.0,3378300.0
13.5,475.0,56.0,0,1,1,HCM,2016-03-17,Healthcare,3,2254385.0,748462.0,2164084.0
12.0,20.0,62.0,0,0,0,SNDX,2016-03-03,Healthcare,3,1916453.0,1480120.0,3890472.0
6.25,49.0,42.0,1,0,0,GWRS,2016-04-28,Utilities,3,258332.0,364247.0,960256.0
19.5,11800.0,60.0,0,0,0,RRR,2016-04-27,Consumer Cyclical,2,13630150.0,5474295.0,21033913.0
13.5,1891.0,47.0,1,1,1,YIN,2016-04-27,Financial Services,2,2419835.0,1844808.0,3304863.0
14.0,2047.0,61.0,0,1,1,SCWX,2016-04-22,Technology,4,7988823.0,2458574.0,8022430.0
22.0,4030.0,68.0,1,1,1,ARA,2016-04-21,Healthcare,3,4996106.0,1328520.0,4516234.0
21.0,0.0,57.46021093000968,1,1,1,MGP,2016-04-20,Real Estate,2,29592015.0,12652718.0,33066268.0
10.0,23.0,60.0,1,1,1,AGLE,2016-04-07,Healthcare,3,1429297.0,1083646.0,3023497.0
21.0,3700.0,68.0,0,0,0,GMS,2016-05-26,Basic Materials,3,5699987.0,986167.0,5172277.0
11.0,64.0,68.0,0,0,0,RETA,2016-05-26,Healthcare,3,2045999.0,1389163.0,5717344.0
23.0,25000.0,60.0,0,0,0,USFD,2016-05-26,Consumer Defensive,3,28800216.0,7182680.0,32028258.0
22.0,700.0,50.0,1,1,1,MSBI,2016-05-24,Financial Services,1,1775310.0,1034515.0,3108759.0
10.0,45.0,64.0,0,1,1,MRUS,2016-05-19,Healthcare,3,1030450.0,646920.0,1526868.0
11.0,4843.0,57.46021093000968,0,0,0,SUPV,2016-05-19,Financial Services,3,7098505.0,3062264.0,8413811.0
4.0,12.0,56.0,0,0,0,PLSE,2016-05-18,Healthcare,2,626068.0,655963.0,1596505.0
23.0,231.0,64.0,0,0,0,ACIA,2016-05-13,Technology,4,4191956.0,3016814.0,17803252.0
21.0,2827.0,57.0,0,0,0,SITE,2016-05-12,Industrials,3,6436989.0,1837346.0,7019556.0
10.0,231.0,70.0,0,0,1,TPB,2016-05-11,Consumer Defensive,2,1998385.0,1260684.0,3644653.0
12.0,17.0,63.0,1,1,1,SBPH,2016-05-06,Healthcare,4,97513.0,329147.0,850917.0
18.0,61.0,65.0,0,0,0,NTLA,2016-05-06,Healthcare,4,5025236.0,2892369.0,9031863.0
12.5,49.0,61.0,0,0,1,SYRS,2016-06-30,Healthcare,3,880253.0,739025.0,1791381.0
10.0,0.0,57.46021093000968,1,1,1,GMRE,2016-06-29,Healthcare,2,1549886.0,964924.0,3817456.0
15.0,567.0,45.0,1,1,1,TWLO,2016-06-23,Technology,3,21272021.0,58429497.0,143440360.0
14.0,54.0,51.0,0,0,1,SELB,2016-06-22,Healthcare,2,1095049.0,297882.0,876616.0
5.0,23.0,57.46021093000968,0,1,1,VIVE,2016-06-14,Healthcare,1,346.0,479.0,735.0
19.0,1586.0,36.0,1,1,1,COE,2016-06-10,Consumer Defensive,4,1573940.0,611583.0,1456514.0
16.0,3200.0,58.0,0,0,0,ATKR,2016-06-10,Industrials,4,6091428.0,2095173.0,7002922.0
7.0,22.0,70.0,0,1,1,CLSD,2016-06-02,Healthcare,3,1979489.0,1100559.0,2049619.0
6.0,3.0,62.0,0,0,0,MBRX,2016-06-02,Healthcare,3,467665.0,1156351.0,2606358.0
14.0,864.0,69.0,0,0,1,NH,2016-06-02,Technology,3,3489073.0,2766143.0,7127298.0
6.5,14.0,64.0,1,1,1,APOP,2016-07-29,Healthcare,4,272665.0,388929.0,797506.0
18.0,566.0,57.0,0,0,0,TLND,2016-07-29,Technology,4,5135118.0,2269782.0,17278605.0
10.0,275.0,62.0,0,0,0,TCMD,2016-07-28,Healthcare,3,1569054.0,723753.0,2034384.0
16.0,145.0,56.0,0,0,0,KNSL,2016-07-28,Financial Services,3,4916459.0,1210602.0,2918319.0
12.0,138.0,69.0,1,1,1,KDMN,2016-07-27,Healthcare,2,6795604.0,2592430.0,4122260.0
11.0,6000.0,60.0,0,0,0,TPIC,2016-07-22,Industrials,4,3201048.0,1694378.0,8701939.0
14.0,208.0,60.0,1,1,1,PI,2016-07-21,Technology,3,4750072.0,1882623.0,7998186.0
15.0,76.0,50.0,0,1,0,BOLD,2016-07-20,Healthcare,2,2737472.0,1033321.0,1777824.0
32.84,2537.0,57.46021093000968,1,1,1,LN,2016-07-14,Technology,3,28914657.0,24574005.0,55220692.0
8.0,48.0,75.0,0,0,0,AIRG,2016-08-12,Technology,4,848654.0,2612102.0,15127456.0
23.0,2300.0,66.0,0,0,0,MEDP,2016-08-11,Healthcare,3,5356266.0,2515254.0,9838677.0
12.0,29.0,65.0,1,1,0,PTGX,2016-08-11,Healthcare,3,1631952.0,655170.0,3113918.0
10.0,8.0,69.0,1,1,0,GEMP,2016-08-05,Healthcare,4,670642.0,273467.0,1574522.0
15.0,2941.0,57.0,0,0,0,HOME,2016-08-04,Consumer Cyclical,3,8840659.0,3786836.0,13818861.0
23.0,2250.0,62.0,0,0,0,FHB,2016-08-04,Financial Services,3,11653744.0,4248396.0,13683805.0
16.0,1980.0,47.0,0,0,0,NTNX,2016-09-30,Technology,4,30011468.0,61367596.0,113370595.0
12.0,204.0,72.0,0,0,1,TRHC,2016-09-29,Technology,3,3554904.0,1975269.0,4007901.0
12.0,11.0,69.0,1,1,1,MRT,2016-09-29,Real Estate,3,5656318.0,2962362.0,7499309.0
9.0,55.0,66.0,0,0,1,FLGT,2016-09-29,Healthcare,3,2412251.0,920813.0,1954338.0
4.5,393.0,70.0,0,0,1,TYHT,2016-09-28,Healthcare,2,24473.0,438169.0,1314341.0
22.0,5050.0,60.0,0,0,1,VVV,2016-09-23,Energy,4,35297138.0,14627633.0,41769100.0
13.0,868.0,38.0,0,0,0,GSUM,2016-09-23,Technology,4,5048137.0,3276479.0,7774027.0
11.0,62.0,64.0,0,0,0,ACIU,2016-09-23,Healthcare,4,3775900.0,7018200.0,9392000.0
15.0,166.0,68.0,0,0,0,CSTR,2016-09-22,Financial Services,3,1198072.0,454489.0,1452773.0
17.0,231.0,57.0,0,0,0,ELF,2016-09-22,Consumer Defensive,3,13591518.0,7845239.0,13727090.0
11.0,63.0,63.0,0,0,0,NOVN,2016-09-21,Healthcare,2,1876728.0,3143110.0,5462948.0
18.0,387.0,45.0,0,0,0,TTD,2016-09-21,Technology,2,6343768.0,8413176.0,18252286.0
12.0,430.0,64.0,0,0,0,EVBG,2016-09-16,Technology,4,8156010.0,8711689.0,18202871.0
19.0,1038.0,58.0,1,1,1,FBK,2016-09-16,Financial Services,4,4512004.0,619225.0,2321773.0
23.5,1088.0,59.0,0,0,0,NTB,2016-09-16,Financial Services,4,4928557.0,2014732.0,5948175.0
22.5,0.0,62.0,0,0,0,NBLX,2016-09-15,Energy,3,9496715.0,1936832.0,7495130.0
17.0,490.0,61.0,0,0,0,BL,2016-10-28,Technology,4,396233.0,1328801.0,5315528.0
17.0,5228.0,54.0,0,0,0,GOLF,2016-10-28,Consumer Cyclical,4,586013.0,2388596.0,10179355.0
16.0,303.0,56.0,1,1,0,QTNA,2016-10-28,Technology,4,438162.0,1106660.0,5920094.0
19.5,26119.0,51.0,1,1,1,ZTO,2016-10-27,Industrials,3,55321114.0,35334202.0,99608463.0
15.0,9.0,57.46021093000968,1,1,1,MYOV,2016-10-27,Healthcare,3,5822306.0,1473954.0,4836690.0
13.0,40.0,64.0,0,1,0,RARX,2016-10-26,Healthcare,2,3885936.0,1238683.0,3205813.0
18.0,5565.0,62.0,1,1,0,FRTA,2016-10-20,Basic Materials,3,8592319.0,3913096.0,16969625.0
17.0,373.0,66.0,0,0,0,IRTC,2016-10-20,Healthcare,3,6006352.0,1718547.0,4739749.0
14.0,77.0,43.0,0,0,0,CRSP,2016-10-19,Healthcare,2,1884289.0,1001933.0,3153984.0
15.0,500.0,68.0,1,1,1,TUSK,2016-10-14,Energy,4,5896628.0,2742278.0,6604743.0
19.0,120.0,57.46021093000968,0,0,0,XOG,2016-10-12,Energy,2,19723287.0,9529953.0,29969342.0
18.0,360.0,49.0,1,1,1,AZRE,2016-10-12,Utilities,2,3218415.0,1466961.0,2408636.0
5.5,12.0,50.0,1,1,1,AZRX,2016-10-11,Healthcare,1,115825.0,451353.0,652620.0
22.0,7444.0,48.0,1,1,0,CWH,2016-10-07,Consumer Cyclical,4,11437686.0,3674721.0,10082087.0
8.0,86.0,65.0,0,1,1,MRAM,2016-10-07,Technology,4,1793675.0,1071840.0,2232602.0
18.0,5400.0,57.0,0,0,0,ADSW,2016-10-06,Industrials,3,11662315.0,3779805.0,11259134.0
15.0,51.0,53.0,0,1,1,OBLN,2016-10-06,Healthcare,3,2849372.0,1249329.0,3527674.0
18.0,590.0,49.0,0,0,0,COUP,2016-10-06,Technology,3,16892884.0,8932731.0,16917175.0
18.0,528.0,63.0,0,0,0,WAAS,2016-10-06,Utilities,3,3629177.0,895047.0,4469255.0
6.98,4.0,62.0,1,1,1,MTFB,2016-11-18,Healthcare,4,122578.0,330490.0,651389.0
11.0,97.0,54.0,0,0,0,SND,2016-11-04,Basic Materials,4,3419700.0,4970300.0,8690500.0
10.0,573.0,55.0,1,1,1,GDS,2016-11-02,Technology,2,10332000.0,13311700.0,16259000.0
4.0,87.0,45.0,0,0,0,HEBT,2016-12-27,Industrials,1,12457.0,93518.0,698279.0
11.0,1183.0,46.0,0,0,0,TRVG,2016-12-16,Consumer Cyclical,4,19266400.0,9381434.0,24210797.0
9.0,530.0,71.0,0,0,0,ICHR,2016-12-09,Technology,4,2296748.0,680965.0,4860527.0
8.0,27.0,73.0,0,0,1,SNES,2016-12-08,Basic Materials,3,384411.0,322895.0,1132278.0
7.0,103.0,71.0,0,0,0,POLA,2016-12-07,Industrials,2,1180226.0,801720.0,2181192.0
20.0,5.0,65.0,1,1,1,IIPR,2016-12-01,Real Estate,3,1191226.0,1989451.0,3501129.0
15.0,30.0,64.0,1,1,1,JAG,2017-01-27,Energy,4,15783498.0,6412397.0,25002485.0
23.0,20800.0,59.0,0,0,0,JELD,2017-01-27,Basic Materials,4,16024977.0,5857774.0,21679200.0
16.0,85.0,63.0,0,0,0,JNCE,2017-01-27,Healthcare,4,4288260.0,1315254.0,4387887.0
22.0,6000.0,69.0,0,0,0,REVG,2017-01-27,Consumer Cyclical,4,8868629.0,2679469.0,8583839.0
15.0,27.0,70.0,1,1,1,OBSV,2017-01-26,Healthcare,3,3305134.0,927958.0,1835974.0
15.0,49.0,46.0,0,0,0,ANAB,2017-01-26,Healthcare,3,3318286.0,599164.0,2825415.0
19.0,1251.0,61.0,0,0,1,FRAC,2017-01-20,Energy,4,19059307.0,13812891.0,46596723.0
13.5,180.0,72.0,1,1,1,CLPR,2017-02-10,Real Estate,4,1125393.0,573496.0,2095336.0
14.0,3401.0,58.0,0,0,0,FBM,2017-02-10,Industrials,4,5375531.0,1244753.0,7757071.0
5.0,2.0,57.46021093000968,1,1,1,SACH,2017-02-10,Real Estate,4,430700.0,568200.0,771300.0
13.5,46.0,57.0,0,1,1,METC,2017-02-03,Basic Materials,4,3843236.0,3451201.0,8598418.0
18.0,0.0,64.0,1,1,1,KRP,2017-02-03,Energy,4,1637333.0,785782.0,2167974.0
14.0,67800.0,56.0,1,0,0,LAUR,2017-02-01,Consumer Defensive,2,10698096.0,5241341.0,20443058.0
20.0,907.0,41.0,1,1,1,INVH,2017-02-01,Real Estate,2,30832753.0,15663340.0,38922100.0
14.0,424.0,64.0,0,0,0,AYX,2017-03-24,Technology,4,8660540.0,2975051.0,9431737.0
10.0,82.0,57.0,0,0,0,VLRX,2017-03-23,Healthcare,3,62.0,7371.0,16771.0
6.0,5.0,66.0,1,1,1,TRPX,2017-03-22,Healthcare,2,9415331.500914076,7682245.983546618,17965314.22760512
14.0,642.0,61.0,0,1,1,PUMP,2017-03-17,Energy,4,13512400.0,23538400.0,38797300.0
19.0,23500.0,57.46021093000968,0,0,0,ARD,2017-03-15,Consumer Cyclical,2,9892831.0,2221795.0,4436977.0
14.0,2800.0,63.0,0,0,0,PSDO,2017-03-10,Technology,4,10101332.0,2140317.0,8975971.0
13.0,3801.0,67.0,1,1,1,JILL,2017-03-09,Consumer Cyclical,3,9893657.0,3254835.0,9651129.0
20.0,25.0,51.0,1,1,0,BYSI,2017-03-09,Healthcare,3,160300.0,91411.0,301135.0
17.0,1859.0,31.0,0,0,0,SNAP,2017-03-02,Technology,3,217048865.0,386866212.0,939210097.0
16.0,290.0,68.0,0,0,0,HLNE,2017-03-01,Financial Services,2,7162670.0,1839181.0,6540424.0
15.0,1470.0,60.0,0,0,0,CLDR,2017-04-28,Technology,4,14869451.0,9060753.0,26818805.0
15.0,1067.0,39.0,1,1,1,CVNA,2017-04-28,Consumer Cyclical,4,11297841.0,9751386.0,32114405.0
17.0,430.0,59.0,0,0,0,EEX,2017-04-28,Industrials,4,6609421.0,2778406.0,8745847.0
17.0,197.0,58.0,0,0,0,NCSM,2017-04-28,Energy,4,4577678.0,1002460.0,4574105.0
6.0,3119.0,57.46021093000968,0,0,0,XRF,2017-04-28,Financial Services,4,3767069.0,3039988.0,7197800.0
13.0,136.0,50.0,0,0,1,ZYME,2017-04-28,Healthcare,4,953887.0,271634.0,886679.0
13.5,12.0,67.0,0,0,1,VRNA,2017-04-27,Healthcare,3,586652.0,94347.0,293919.0
21.0,4391.0,56.0,0,0,0,FND,2017-04-27,Consumer Cyclical,3,9423800.0,2889831.0,9923860.0
4.8,90.0,62.0,0,0,0,CATS,2017-04-26,Healthcare,2,2.0,4.0,14.0
14.0,1700.0,51.0,1,1,0,WTTR,2017-04-21,Industrials,4,3662578.0,2704664.0,7525833.0
10.0,61.0,60.0,0,0,0,TOCA,2017-04-13,Healthcare,3,1476773.0,1082094.0,4524420.0
20.0,1193.0,62.0,0,0,0,CADE,2017-04-13,Financial Services,3,5392979.0,1445728.0,4653318.0
19.0,1130.0,61.0,1,1,1,HCC,2017-04-13,Basic Materials,3,11336551.0,7132463.0,17450516.0
11.0,630.0,42.0,0,0,0,YEXT,2017-04-13,Technology,3,11336164.0,5720934.0,12228125.0
18.0,2687.0,48.0,0,1,0,NETS,2017-04-12,Consumer Cyclical,2,5493838.0,2617609.0,7494143.0
17.0,898.0,50.0,0,0,0,OKTA,2017-04-07,Technology,4,7942540.0,4494540.0,10146475.0
19.0,19300.0,58.0,1,1,1,SNDR,2017-04-06,Industrials,3,16878321.0,13337256.0,35823040.0
6.5,540.0,59.0,0,0,0,ELVT,2017-04-06,Financial Services,3,3695000.0,4665900.0,6230300.0
23.0,0.0,68.0,1,1,1,HESM,2017-04-05,Energy,2,9768437.0,2825605.0,6974898.0
12.0,753.0,49.0,0,0,0,APPN,2017-05-25,Technology,3,4949200.0,10039900.0,14183000.0
17.0,3000.0,60.0,1,0,0,WOW,2017-05-25,Communication Services,3,8612587.0,5454101.0,13159585.0
11.0,1139.0,63.0,0,0,0,SGH,2017-05-24,Technology,2,1415330.0,549060.0,2942189.0
17.0,67.0,50.0,0,0,0,ARGX,2017-05-18,Healthcare,3,798779.0,474707.0,933273.0
10.5,6079.0,57.46021093000968,0,0,0,BEDU,2017-05-18,Consumer Defensive,3,5471226.0,2517460.0,5050353.0
15.0,31.0,58.0,0,0,0,GTHX,2017-05-17,Healthcare,2,2707317.0,634805.0,2680827.0
12.0,101.0,57.0,1,1,1,SOI,2017-05-12,Energy,4,4329499.0,1808973.0,9072939.0
7.0,157.0,64.0,0,0,0,ASV,2017-05-12,Industrials,4,631989.0,272085.0,771627.0
20.0,6100.0,47.0,0,0,0,GDI,2017-05-12,Technology,4,10933718.0,12067178.0,32404932.0
15.0,150.0,50.0,1,1,1,VERI,2017-05-12,Technology,4,1625362.0,1982972.0,3742177.0
14.0,200.0,63.0,1,0,1,FPH,2017-05-10,Real Estate,2,5481426.0,2622871.0,6029231.0
27.0,397.0,56.0,0,0,0,GNTY,2017-05-09,Financial Services,1,154500.0,64300.0,179000.0
15.0,31.0,69.0,1,1,1,OVID,2017-05-05,Healthcare,4,1592121.0,332862.0,1771023.0
13.0,33.0,60.0,0,0,0,URGN,2017-05-04,Healthcare,3,1407488.0,708668.0,1609603.0
23.5,0.0,57.46021093000968,1,1,1,AMGP,2017-05-04,Healthcare,3,13740792.0,6735331.0,23540413.0
17.0,18.0,51.0,0,0,0,BHVN,2017-05-04,Healthcare,3,3944070.0,1986936.0,6416605.0
19.0,791.0,51.0,0,0,0,BY,2017-06-30,Financial Services,4,3492724.0,502127.0,1880042.0
15.0,15.0,52.0,1,1,1,ALRN,2017-06-29,Healthcare,3,2168766.0,972550.0,2334226.0
10.0,5137.0,48.0,0,1,1,APRN,2017-06-29,Consumer Cyclical,3,41050875.0,42491058.0,139444575.0
17.0,7.0,57.0,0,0,0,DOVA,2017-06-29,Healthcare,3,2054797.0,1141981.0,4937126.0
15.0,68.0,58.0,1,1,0,MRSN,2017-06-28,Healthcare,2,2701309.0,1372220.0,3004045.0
14.0,50.0,54.0,0,0,0,ESQ,2017-06-27,Financial Services,1,715342.0,216137.0,989151.0
6.0,3.0,47.0,0,0,0,ATXI,2017-06-27,Healthcare,1,580236.0,247353.0,991795.0
19.5,0.0,66.0,1,1,1,GPMT,2017-06-23,Real Estate,4,4912454.0,3408176.0,7402879.0
20.0,0.0,59.0,1,1,1,SAFE,2017-06-22,Real Estate,3,3224319.0,2396439.0,5859209.0
5.0,7.0,59.0,1,1,1,SGBX,2017-06-22,Industrials,3,457971.0,1030669.0,3729639.0
30.0,15300.0,57.46021093000968,1,1,1,ATUS,2017-06-22,Communication Services,3,31457257.0,18849447.0,41363407.0
13.0,46.0,57.46021093000968,0,0,0,BOMN,2017-06-16,Industrials,4,100.0,0.0,0.0
5.0,4.0,76.0,0,0,0,ADOM,2017-06-15,Consumer Cyclical,3,86108.0,779249.0,3384412.0
11.0,437.0,62.0,0,0,0,ATNX,2017-06-14,Healthcare,2,1951731.0,1876487.0,5831874.0
19.0,9.0,57.0,1,1,1,PLYM,2017-06-09,Real Estate,4,276100.0,441300.0,875300.0
9.99,8.0,75.0,1,1,1,IMRN,2017-06-09,Healthcare,4,185700.0,790100.0,1112800.0
11.0,76.0,63.0,0,0,0,SSTI,2017-06-07,Technology,2,1825223.0,1356232.0,3294381.0
5.0,95.0,48.0,0,0,0,NEWA,2017-07-28,Industrials,4,156233.0,462990.0,2058898.0
15.0,2193.0,50.0,0,0,0,RDFN,2017-07-28,Real Estate,4,9493119.0,21881838.0,48994329.0
15.0,43.0,57.0,0,0,0,SNNA,2017-07-27,Healthcare,3,2438916.0,921694.0,2984592.0
23.0,177.0,69.0,1,1,1,RBB,2017-07-26,Financial Services,2,2038475.0,898078.0,2637050.0
16.0,202.0,50.0,0,0,0,PETQ,2017-07-21,Healthcare,4,4339199.0,3513420.0,9377284.0
15.0,25.0,56.0,1,0,0,KALA,2017-07-20,Healthcare,3,3922664.0,2809912.0,6616719.0
8.0,27.0,57.46021093000968,0,0,0,CLXT,2017-07-20,Consumer Defensive,3,1406128.0,694408.0,1712106.0
8.0,30.0,54.0,1,0,0,AKCA,2017-07-14,Healthcare,4,5535246.0,5903844.0,12872002.0
6.0,14.0,69.0,0,1,1,CODX,2017-07-12,Healthcare,2,221800.0,613400.0,1394400.0
12.0,2.0,69.0,1,1,1,CSSE,2017-08-18,Consumer Cyclical,4,575951.0,783648.0,2114702.0
14.5,663.0,53.0,1,1,1,RNGR,2017-08-11,Energy,4,2093200.0,2646300.0,3658200.0
5.5,2045.0,56.0,0,1,1,YOGA,2017-08-11,Consumer Cyclical,4,3619826.0,872885.0,3018270.0
17.87,118.0,52.0,1,0,0,ZEAL,2017-08-09,Healthcare,2,1715003.0,504000.0,1961958.0
10.0,32.0,38.0,0,0,0,CIFS,2017-08-08,Financial Services,1,154596.0,552089.0,2476823.0
20.0,4500.0,59.0,1,1,0,VNTR,2017-08-03,Basic Materials,3,11443718.0,7449649.0,19555175.0
15.0,24.0,57.46021093000968,1,0,0,CMTA,2017-08-02,Healthcare,2,5389978.0,1724931.0,4623544.0
17.5,2949.0,60.0,1,1,1,PQG,2017-09-29,Basic Materials,4,10232692.0,6390730.0,22314272.0
14.0,696.0,56.0,0,0,0,ROKU,2017-09-28,Communication Services,3,39265871.0,96747617.0,157461207.0
17.0,42.0,51.0,0,0,1,DCPH,2017-09-28,Healthcare,3,5789212.0,2446123.0,6685040.0
15.0,16.0,54.0,0,0,1,NCNA,2017-09-28,Healthcare,3,1869522.0,1277625.0,3075567.0
14.0,23.0,65.0,0,0,0,NITE,2017-09-28,Healthcare,3,2740198.0,1226008.0,3081648.0
18.5,4434.0,51.0,0,0,0,RYB,2017-09-27,Consumer Defensive,2,7568404.0,6316341.0,17512760.0
13.0,544.0,57.46021093000968,1,1,1,SECO,2017-09-22,Consumer Cyclical,4,748800.0,1492620.0,2284860.0
17.0,0.0,59.0,1,1,1,OMP,2017-09-21,Energy,3,3904393.0,2395435.0,4639017.0
4.25,220.0,49.0,0,0,0,PETZ,2017-09-21,Consumer Defensive,3,237719.0,1609448.0,5218336.0
26.0,2781.0,56.0,0,0,0,DESP,2017-09-20,Consumer Cyclical,2,10174576.0,5485113.0,11932943.0
9.5,15.0,60.0,0,0,0,CELC,2017-09-20,Healthcare,2,1207900.0,1854100.0,2533300.0
10.0,7.0,57.0,0,1,1,KRYS,2017-09-20,Healthcare,2,456508.0,361689.0,1076456.0
18.0,52.0,56.0,0,0,0,ZLAB,2017-09-20,Healthcare,2,5031495.0,3437624.0,8305473.0
20.0,0.0,59.0,1,1,1,TRMT,2017-09-14,Real Estate,3,1450084.0,640933.0,1825410.0
5.0,347.0,57.0,0,0,0,ZKIN,2017-09-01,Basic Materials,4,300344.0,610817.0,1533785.0
22.0,809.0,57.0,0,0,0,FSCT,2017-10-27,Technology,4,5879848.0,1674683.0,4826339.0
16.0,157.0,68.0,1,0,0,MBIN,2017-10-27,Financial Services,4,2722260.0,878256.0,2773897.0
16.0,5387.0,60.0,1,0,1,NEXA,2017-10-27,Basic Materials,4,6158275.0,3007351.0,9865083.0
22.0,10360.0,61.0,1,0,0,EYE,2017-10-26,Consumer Cyclical,3,6989086.0,4275479.0,11527236.0
18.0,0.0,64.0,1,1,1,BPMP,2017-10-26,Energy,3,18495687.0,7972479.0,16526095.0
12.0,30.0,56.0,1,1,1,FAT,2017-10-23,Consumer Cyclical,0,1541380.0,838685.0,2081348.0
6.0,26.0,45.0,1,0,1,LYL,2017-10-20,Financial Services,4,588603.0,3064650.0,4495176.0
14.5,2370.0,54.0,0,1,1,REDU,2017-10-20,Consumer Defensive,4,11544677.0,12728755.0,27084842.0
5.5,27.0,65.0,1,1,1,RMBL,2017-10-19,Consumer Cyclical,3,5000.0,0.0,0.0
15.0,5438.0,44.0,0,0,1,SE,2017-10-19,Technology,3,1195900.0,1476299.0,70755799.0
24.0,826.0,55.0,0,0,0,MDB,2017-10-19,Technology,3,11508466.0,5902984.0,11763786.0
24.0,1014.0,39.0,0,1,1,QD,2017-10-18,Financial Services,2,33472490.0,64910017.0,241801104.0
16.0,41.0,61.0,0,0,0,OPTN,2017-10-13,Healthcare,4,3917692.0,1643463.0,5360885.0
13.0,62.0,71.0,0,0,0,KIDS,2017-10-12,Healthcare,3,2882048.0,1040775.0,2198213.0
7.0,91.0,60.0,0,0,1,HAIR,2017-10-12,Healthcare,3,2819984.0,1578583.0,2833684.0
16.0,514.0,58.0,0,0,0,CARG,2017-10-12,Technology,3,12276452.0,7044213.0,20086730.0
17.0,689.0,53.0,0,0,0,SWCH,2017-10-06,Technology,4,44498460.0,67234270.0,81312518.0
17.0,15.0,68.0,0,0,0,RYTM,2017-10-05,Healthcare,3,6979166.0,4135690.0,7866021.0
7.0,43.0,70.0,0,1,1,BOXL,2017-11-30,Technology,3,18900.0,55000.0,62800.0
5.0,223.0,59.0,0,0,0,RETO,2017-11-29,Basic Materials,2,301452.0,2328568.0,8999707.0
14.0,5729.0,44.0,1,1,1,BXG,2017-11-17,Consumer Cyclical,4,2954367.0,1394933.0,4490057.0
4.12,275.0,57.46021093000968,1,1,1,AMRH,2017-11-17,Technology,4,9415331.500914076,7682245.983546618,17965314.22760512
12.0,765.0,60.0,0,0,0,SAIL,2017-11-17,Technology,4,15614647.0,8609870.0,18930266.0
12.0,294.0,81.0,0,0,0,SBT,2017-11-17,Financial Services,4,5193048.0,1068830.0,3745084.0
14.0,28.0,59.0,0,0,1,SCPH,2017-11-17,Healthcare,4,997203.0,267693.0,1213242.0
15.0,5800.0,39.0,0,0,0,SFIX,2017-11-17,Consumer Cyclical,4,10327680.0,11578534.0,43096992.0
8.0,669.0,49.0,0,1,1,JT,2017-11-16,Technology,3,8542824.0,13619690.0,31829758.0
10.0,39.0,57.46021093000968,0,0,0,ASNS,2017-11-16,Healthcare,3,9415331.500914076,7682245.983546618,17965314.22760512
13.0,6454.0,45.0,0,1,1,PPDF,2017-11-10,Financial Services,4,9885748.0,7543015.0,40428277.0
20.0,338.0,53.0,0,0,0,BAND,2017-11-10,Technology,4,2409304.0,1696173.0,4408340.0
23.26,92.0,60.0,0,0,1,ERYP,2017-11-10,Healthcare,4,600.0,0.0,0.0
14.0,28.0,50.0,0,1,0,APLS,2017-11-09,Healthcare,3,2297000.0,2808600.0,4767900.0
13.0,2315.0,44.0,1,0,1,SOGO,2017-11-09,Technology,3,42527129.0,38471637.0,77836613.0
35.0,118.0,59.0,0,0,0,MCB,2017-11-08,Financial Services,2,2582500.0,3405500.0,4231200.0
10.0,607.0,60.0,1,1,1,FEDU,2017-11-08,Consumer Defensive,2,5490161.0,2519762.0,5884433.0
15.0,17.0,50.0,0,1,0,IFRX,2017-11-08,Healthcare,2,1874000.0,2430800.0,2960100.0
26.0,472.0,67.0,1,0,0,CBTX,2017-11-08,Financial Services,2,1062305.0,457983.0,2159173.0
10.0,315.0,38.0,0,0,0,HX,2017-11-03,Financial Services,4,476808.0,1231043.0,3321015.0
9.0,245.0,61.0,0,0,0,AQ,2017-11-03,Technology,4,4971052.0,3842850.0,9842972.0
5.6,187.0,60.0,0,0,1,ACMR,2017-11-03,Technology,4,523518.0,288058.0,813633.0
14.0,29.0,41.0,1,0,1,SPRO,2017-11-02,Healthcare,3,2224706.0,775011.0,2245698.0
14.0,27.0,52.0,1,1,1,ALNA,2017-11-02,Healthcare,3,2388768.0,982525.0,2625121.0
18.0,4000.0,53.0,0,0,0,AQUA,2017-11-02,Industrials,3,14271600.0,20209800.0,26421300.0
12.0,472.0,54.0,1,0,0,FNKO,2017-11-02,Consumer Cyclical,3,9761011.0,6960671.0,20567695.0
13.0,2400.0,65.0,0,0,0,ALTR,2017-11-01,Technology,2,7533536.0,4071888.0,10813389.0
19.0,3258.0,48.0,1,0,0,LOMA,2017-11-01,Basic Materials,2,18872243.0,7156082.0,20421273.0
8.0,440.0,49.0,0,0,1,ICLK,2017-12-22,Consumer Cyclical,4,1224731.0,1962132.0,5447295.0
9.0,2566.0,39.0,1,0,0,LX,2017-12-21,Financial Services,3,2232322.0,6780596.0,22832887.0
5.0,391.0,41.0,0,0,1,DOGZ,2017-12-20,Consumer Defensive,2,184391.0,361194.0,1065509.0
13.0,664.0,59.0,0,0,0,CASA,2017-12-15,Technology,4,3320879.0,1605431.0,7356912.0
14.0,4600.0,57.46021093000968,1,0,0,NMRK,2017-12-15,Real Estate,4,9312062.0,5533312.0,17964281.0
18.0,125.0,46.0,0,0,0,DNLI,2017-12-08,Healthcare,4,3907938.0,3251298.0,11157979.0
10.75,274.0,61.0,1,1,1,LBC,2017-12-08,Financial Services,4,5072817.0,2139130.0,5765722.0
14.0,4200.0,57.0,0,0,0,CURO,2017-12-07,Financial Services,3,2553054.0,1102648.0,4469650.0
24.0,50.0,55.0,1,1,1,ODT,2017-12-07,Healthcare,3,1228850.0,841323.0,1785193.0
15.0,122.0,61.0,0,0,0,QTRX,2017-12-07,Healthcare,3,2346192.0,1048339.0,4013083.0
16.0,550.0,48.0,0,0,0,AGS,2018-01-26,Consumer Cyclical,4,5379050.0,2313112.0,5338587.0
16.0,60.0,48.0,0,0,0,SLDB,2018-01-26,Healthcare,4,3304587.0,2578146.0,5608126.0
15.0,7.0,50.0,0,0,0,TORC,2018-01-26,Healthcare,4,2376961.0,1052590.0,3041181.0
10.0,7.0,48.0,1,1,1,EYEN,2018-01-25,Healthcare,3,1071199.0,548041.0,887447.0
19.0,13500.0,57.0,1,1,1,GTES,2018-01-25,Industrials,3,19855751.0,13372796.0,25816556.0
17.0,32.0,56.0,0,0,0,MNLO,2018-01-25,Healthcare,3,5253445.0,2402038.0,4438544.0
21.5,1020.0,57.46021093000968,0,0,0,PAGS,2018-01-24,Technology,2,56901240.0,34671335.0,81110164.0
23.0,1755.0,45.0,0,0,0,NINE,2018-01-19,Energy,4,6187457.0,2091464.0,4446990.0
14.0,18000.0,59.0,1,1,1,ADT,2018-01-19,Industrials,4,68187376.0,71641391.0,159414900.0
16.0,11000.0,55.0,0,0,0,COLD,2018-01-19,Real Estate,4,18176900.0,28957700.0,39823100.0
24.0,0.0,61.0,1,1,1,ILPT,2018-01-12,Real Estate,4,7513408.0,3854897.0,11769569.0
17.0,1859.0,57.0,1,0,0,LBRT,2018-01-12,Energy,4,10448681.0,4042370.0,17338988.0
7.5,28.0,61.0,0,0,0,CUE,2018-01-02,Healthcare,1,354487.0,1179107.0,2512283.0
4.0,111.0,55.0,0,0,0,FAMI,2018-02-16,Consumer Defensive,4,105193.0,508328.0,3503063.0
9.88,125.0,66.0,0,0,0,BFRA,2018-02-14,Healthcare,2,9415331.500914076,7682245.983546618,17965314.22760512
5.0,36.0,50.0,1,1,1,MOTS,2018-02-14,Healthcare,2,651271.0,557941.0,1691993.0
13.0,342.0,59.0,0,0,0,CDLX,2018-02-09,Technology,4,3094872.0,2040592.0,6129964.0
10.0,1324.0,53.0,1,1,1,QES,2018-02-09,Energy,4,1929506.0,1000177.0,4505708.0
13.0,276.0,49.0,1,1,1,VCTR,2018-02-08,Financial Services,3,3771761.0,2798676.0,6567863.0
19.0,880.0,68.0,0,0,0,WHD,2018-02-08,Energy,3,14956128.0,5151031.0,17268332.0
12.0,22.0,44.0,1,1,1,EOLS,2018-02-08,Healthcare,3,1309463.0,689375.0,4275866.0
11.0,416.0,46.0,1,1,1,HMI,2018-02-08,Technology,3,5921534.0,4017539.0,7479676.0
5.0,816.0,51.0,0,0,0,SSLJ,2018-02-05,Consumer Cyclical,0,232073.0,831237.0,2128062.0
18.0,2400.0,49.0,0,0,0,FTSI,2018-02-02,Energy,4,12802100.0,10431831.0,24295776.0
16.5,738.0,53.0,0,0,0,CEPU,2018-02-02,Utilities,4,6230577.0,3352388.0,8907995.0
17.0,6076.0,44.0,1,1,1,CAAP,2018-02-01,Industrials,3,10433367.0,15603367.0,18790167.0
19.0,9001.0,57.46021093000968,0,0,0,HUD,2018-02-01,Consumer Cyclical,3,14084880.0,10929401.0,22421950.0
18.5,2380.0,63.0,1,1,1,IPIC,2018-02-01,Consumer Cyclical,3,157647.0,233005.0,748218.0
5.0,75.0,64.0,1,1,0,OSS,2018-02-01,Technology,3,1413854.0,838878.0,1731080.0
20.0,140.0,66.0,1,1,1,VICI,2018-02-01,Real Estate,3,8227501.0,1254199.0,15381587.0
12.0,47.0,61.0,1,1,1,SLGL,2018-02-01,Healthcare,3,2440000.0,3529300.0,4104200.0
5.0,5.0,65.0,1,1,0,GNPX,2018-03-29,Healthcare,3,147600.0,757000.0,5462600.0
18.0,6014.0,53.0,1,1,0,IQ,2018-03-29,Technology,3,79752900.0,124877400.0,213293800.0
12.0,53.0,57.0,1,1,1,UMRX,2018-03-29,Healthcare,3,9415331.500914076,7682245.983546618,17965314.22760512
11.0,9023.0,47.0,1,1,1,ONE,2018-03-28,Consumer Defensive,2,9415331.500914076,7682245.983546618,17965314.22760512
11.0,129.0,62.0,1,1,1,OPBK,2018-03-28,Financial Services,2,300.0,9600.0,16300.0
11.5,1903.0,44.0,1,1,1,BILI,2018-03-28,Technology,2,23929600.0,38150300.0,53833200.0
16.0,67.0,59.0,0,0,0,FIXX,2018-03-28,Healthcare,2,2961600.0,4849100.0,6848700.0
14.0,2259.0,58.0,1,1,1,GHG,2018-03-27,Consumer Cyclical,1,4113800.0,6148300.0,8332200.0
21.0,1858.0,39.0,0,0,0,DBX,2018-03-23,Technology,4,56108700.0,111131900.0,154005200.0
11.5,9146.0,36.0,0,0,0,STG,2018-03-23,Consumer Defensive,4,553200.0,1399792.0,1877528.0
4.0,110.0,45.0,0,0,0,DNJR,2018-03-20,Financial Services,1,9415331.500914076,7682245.983546618,17965314.22760512
4.0,32.0,39.0,0,0,0,AIHS,2018-03-16,Financial Services,4,11210.0,63740.0,172790.0
16.0,950.0,63.0,0,0,0,ZS,2018-03-16,Technology,4,16931900.0,36950200.0,48653100.0
15.0,83.0,62.0,0,0,0,RCUS,2018-03-15,Healthcare,3,5581200.0,8353500.0,11730100.0
11.75,114.0,55.0,0,0,0,BWB,2018-03-14,Financial Services,2,2694300.0,3496400.0,5054300.0
11.0,4.0,61.0,0,1,1,BTAI,2018-03-08,Healthcare,3,1910550.0,880461.0,2025405.0
29.0,2255.0,59.0,0,0,0,DOCU,2018-04-27,Technology,4,16392400.0,26419300.0,37774500.0
10.0,282.0,60.0,0,0,0,GSHD,2018-04-27,Financial Services,4,2305400.0,3077500.0,4575700.0
15.0,787.0,51.0,0,0,0,SMAR,2018-04-27,Technology,4,9194700.0,11757000.0,14624200.0
16.0,1071.0,57.0,0,0,0,LASR,2018-04-26,Technology,3,3906000.0,6088800.0,8726800.0
22.0,4212.0,55.0,0,0,0,CDAY,2018-04-26,Technology,3,13590200.0,20165600.0,27488300.0
28.0,235.0,64.0,0,0,0,LEVL,2018-04-20,Financial Services,4,9415331.500914076,7682245.983546618,17965314.22760512
15.0,2518.0,58.0,0,0,0,PVTL,2018-04-20,Technology,4,9415331.500914076,7682245.983546618,17965314.22760512
15.0,56.0,47.0,1,1,1,SURF,2018-04-19,Healthcare,3,4121100.0,7332100.0,10049100.0
25.04,326.0,62.0,0,0,0,MOR,2018-04-19,Healthcare,3,1748000.0,2399600.0,2911300.0
15.0,1310.0,64.0,1,1,1,EAF,2018-04-19,Industrials,3,12977400.0,28469100.0,41398200.0
5.0,109.0,41.0,0,0,0,AGMH,2018-04-18,Technology,2,291800.0,2517000.0,4379900.0
14.0,933.0,54.0,1,1,1,ZUO,2018-04-12,Technology,3,13102400.0,18676800.0,22280500.0
165.9,2960.0,39.0,1,1,1,SPOT,2018-04-03,Technology,1,30526500.0,60735700.0,87663500.0
5.0,9.0,59.0,0,1,1,HJLI,2018-05-31,Healthcare,3,9415331.500914076,7682245.983546618,17965314.22760512
13.0,38.0,57.0,1,1,1,ITRM,2018-05-25,Healthcare,4,48700.0,82781.0,180894.0
18.0,47.0,52.0,0,0,1,KNSA,2018-05-24,Healthcare,3,363300.0,1415800.0,2660200.0
14.0,50.0,57.0,0,0,0,SRRK,2018-05-24,Healthcare,3,169700.0,774400.0,1647300.0
23.0,949.0,48.0,0,0,1,GSKY,2018-05-24,Technology,3,23327840.0,40311543.0,51385538.0
5.25,1606.0,56.0,0,1,0,CLPS,2018-05-24,Technology,3,94000.0,643800.0,25199100.0
16.0,2000.0,60.0,0,0,0,EVOP,2018-05-23,Technology,2,11031300.0,16350300.0,21618800.0
15.0,890.0,49.0,0,0,0,PS,2018-05-17,Technology,3,9415331.500914076,7682245.983546618,17965314.22760512
12.0,818.0,47.0,0,0,0,HUYA,2018-05-11,Consumer Cyclical,4,11585200.0,34933500.0,95915500.0
20.0,7500.0,64.0,1,0,0,EQH,2018-05-10,Financial Services,3,32487600.0,71031500.0,112165100.0
16.0,59.0,57.0,0,0,1,EVLO,2018-05-09,Healthcare,2,2020200.0,2519400.0,3669200.0
34.0,686.0,61.0,1,0,0,OBNK,2018-05-09,Financial Services,2,1730600.0,2655700.0,3572100.0
12.0,1856.0,71.0,1,1,1,ROAD,2018-05-04,Industrials,4,4086300.0,5386700.0,7072900.0
21.0,195.0,71.0,0,0,1,STXB,2018-05-04,Financial Services,4,9415331.500914076,7682245.983546618,17965314.22760512
7.03,47.0,49.0,1,1,0,ASLN,2018-05-04,Healthcare,4,817200.0,1754400.0,3537500.0
22.0,158.0,68.0,1,1,0,BCML,2018-05-04,Financial Services,4,281600.0,534500.0,898400.0
19.0,932.0,55.0,0,0,0,CBLK,2018-05-04,Technology,4,9415331.500914076,7682245.983546618,17965314.22760512
16.0,121.0,59.0,0,0,0,INSP,2018-05-03,Healthcare,3,3430900.0,4955100.0,7047500.0
17.0,67.0,60.0,1,1,0,UBX,2018-05-03,Healthcare,3,83790.0,164920.0,313350.0
17.0,0.0,57.46021093000968,1,1,1,PRT,2018-05-02,Energy,2,3314700.0,4777700.0,6474800.0
21.0,796.0,49.0,1,1,1,DOMO,2018-06-29,Technology,4,8123100.0,14262400.0,21069100.0
17.0,26520.0,59.0,0,0,0,BJ,2018-06-28,Consumer Cyclical,3,21172600.0,38169800.0,51217400.0
22.0,19000.0,54.0,1,0,1,BV,2018-06-28,Industrials,3,7415000.0,14856500.0,19674800.0
8.0,19.0,60.0,1,1,1,ENTX,2018-06-28,Healthcare,3,286000.0,376800.0,496300.0
18.0,230.0,48.0,0,1,1,EVER,2018-06-28,Technology,3,4390200.0,6979700.0,8898100.0
16.0,46.0,69.0,1,1,1,FTSV,2018-06-28,Healthcare,3,9415331.500914076,7682245.983546618,17965314.22760512
17.0,167.0,57.0,1,1,0,STIM,2018-06-28,Healthcare,3,2503300.0,3248000.0,4409100.0
13.0,61.0,53.0,1,0,1,TBIO,2018-06-28,Healthcare,3,9415331.500914076,7682245.983546618,17965314.22760512
19.0,61.0,51.0,0,0,0,TCDA,2018-06-28,Healthcare,3,4009600.0,5966700.0,7461500.0
9.0,12461.0,40.0,0,1,1,UXIN,2018-06-27,Technology,2,1994240.0,3500110.0,5087380.0
16.0,84.0,57.0,1,1,1,NTGN,2018-06-27,Healthcare,2,9415331.500914076,7682245.983546618,17965314.22760512
16.0,441.0,45.0,0,0,0,LOVE,2018-06-27,Consumer Cyclical,2,2082100.0,2520500.0,2885400.0
5.0,26.0,41.0,0,1,1,HYRE,2018-06-27,Industrials,2,2032300.0,4278500.0,8363900.0
15.0,64.0,58.0,0,0,1,ECOR,2018-06-22,Healthcare,4,1828000.0,2526800.0,3776300.0
17.0,126.0,58.0,0,0,0,AUTL,2018-06-22,Healthcare,4,3153600.0,4697800.0,6654200.0
16.0,64.0,64.0,0,0,0,APTX,2018-06-21,Healthcare,3,3507600.0,5867300.0,7147100.0
13.0,326.0,62.0,0,0,0,IIIV,2018-06-21,Technology,3,5136700.0,7967500.0,9047400.0
15.0,20.0,50.0,1,1,0,KZR,2018-06-21,Healthcare,3,1716700.0,2280300.0,3016600.0
15.0,48.0,51.0,1,1,1,MGTA,2018-06-21,Healthcare,3,3284600.0,5038300.0,6604200.0
19.0,34.0,56.0,0,0,0,AVRO,2018-06-21,Healthcare,3,2783600.0,4385800.0,6063400.0
15.0,55.0,66.0,0,0,0,XERS,2018-06-21,Healthcare,3,2071300.0,3038300.0,3396000.0
17.0,14.0,43.0,0,0,1,EIDX,2018-06-20,Healthcare,2,9415331.500914076,7682245.983546618,17965314.22760512
15.0,11.0,57.0,0,0,0,VRCA,2018-06-15,Healthcare,4,1163000.0,1798100.0,2035200.0
17.0,8431.0,46.0,1,1,1,NEW,2018-06-15,Consumer Defensive,4,9415331.500914076,7682245.983546618,17965314.22760512
24.0,1495.0,65.0,0,0,0,AVLR,2018-06-15,Technology,4,9415331.500914076,7682245.983546618,17965314.22760512
12.0,3411.0,42.0,0,1,1,CHRA,2018-06-14,Industrials,3,2842275.0,4097179.0,5557730.0
16.0,9288.0,44.0,0,1,1,USX,2018-06-14,Industrials,3,6312400.0,9511600.0,15684200.0
15.0,59.0,57.0,0,1,1,MGTX,2018-06-08,Healthcare,4,2014900.0,2919200.0,3972000.0
4.25,2657.0,56.0,1,1,0,AMBO,2018-06-01,Consumer Defensive,4,41600.0,2510100.0,3128700.0
5.0,3.0,54.0,1,1,1,ADIL,2018-07-27,Healthcare,4,285400.0,421000.0,613700.0
20.0,4700.0,61.0,0,0,0,DAVA,2018-07-27,Technology,4,4774000.0,6584500.0,7620700.0
12.0,410.0,45.0,1,1,1,OPRA,2018-07-27,Technology,4,6904400.0,12830900.0,18064000.0
5.0,49.0,64.0,1,1,1,WISA,2018-07-27,Technology,4,6150.0,10780.0,17235.0
8.5,554.0,41.0,1,1,1,JG,2018-07-26,Technology,3,2853000.0,5922300.0,10433300.0
11.0,60.0,60.0,0,0,0,LQDA,2018-07-26,Healthcare,3,1757900.0,2152900.0,2720500.0
23.0,1054.0,51.0,0,0,0,TENB,2018-07-26,Technology,3,9648600.0,14700400.0,19824600.0
19.0,1159.0,42.0,0,0,0,PDD,2018-07-26,Consumer Cyclical,3,43213200.0,126417700.0,200897200.0
33.0,2000.0,59.0,0,0,0,FOCS,2018-07-26,Financial Services,3,3834900.0,8151700.0,10302400.0
14.0,278.0,66.0,0,0,1,BRY,2018-07-26,Energy,3,5064700.0,9224600.0,17489900.0
11.0,2940.0,52.0,0,1,1,CANG,2018-07-26,Technology,3,853400.0,1342900.0,1668000.0
15.0,195.0,64.0,0,0,0,AQST,2018-07-25,Healthcare,2,3144000.0,4291400.0,5582500.0
15.0,1409.0,61.0,0,0,0,BE,2018-07-25,Utilities,2,13709500.0,24134600.0,35806900.0
4.0,7.0,59.0,0,0,1,PRVB,2018-07-24,Healthcare,1,415000.0,1148600.0,1901300.0
15.0,44.0,57.0,0,1,0,REPL,2018-07-20,Healthcare,4,3122700.0,4007200.0,4770400.0
18.0,397.0,50.0,0,0,0,ESTA,2018-07-19,Healthcare,3,1939000.0,2844200.0,3571000.0
15.0,64.0,57.46021093000968,1,1,1,CNST,2018-07-19,Healthcare,3,9415331.500914076,7682245.983546618,17965314.22760512
17.0,330.0,50.0,0,0,0,TLRY,2018-07-19,Healthcare,3,11934500.0,48263000.0,71672700.0
19.0,263.0,64.0,0,1,1,MYFW,2018-07-19,Financial Services,3,558800.0,703300.0,980600.0
18.0,44.0,52.0,0,0,0,ALLK,2018-07-19,Healthcare,3,4438200.0,7486700.0,10940600.0
17.0,36.0,60.0,0,0,0,CRNX,2018-07-18,Healthcare,2,3602200.0,4269700.0,5585300.0
14.5,159.0,50.0,1,1,1,CCB,2018-07-18,Financial Services,2,199500.0,415000.0,684800.0
23.0,83.0,59.0,1,1,1,RUBY,2018-07-18,Healthcare,2,772200.0,3958400.0,6729100.0
14.35,33.0,44.0,1,1,1,SFET,2018-08-17,Technology,4,125.0,393.0,638.0
13.0,30.0,58.0,0,0,0,ARDS,2018-08-14,Healthcare,1,519800.0,720500.0,1117500.0
12.0,3229.0,64.0,1,1,0,MESA,2018-08-10,Industrials,4,2519800.0,4549900.0,9413700.0
12.0,44.0,76.0,1,1,1,VCNX,2018-08-09,Healthcare,3,688500.0,1136000.0,1616100.0
20.0,228.0,55.0,1,1,1,PCB,2018-08-09,Financial Services,3,1241400.0,1650000.0,2885700.0
16.0,319.0,48.0,0,0,0,ARLO,2018-08-03,Technology,4,9347300.0,18941400.0,26913500.0
15.0,1478.0,47.0,0,0,0,SONO,2018-08-02,Technology,3,22839000.0,59691200.0,86232100.0
17.0,48000.0,62.0,0,0,0,CWK,2018-08-02,Real Estate,3,14835900.0,26957700.0,34296300.0
12.0,385.0,43.0,1,1,1,CTK,2018-09-28,Technology,4,9415331.500914076,7682245.983546618,17965314.22760512
15.0,100.0,55.0,1,1,0,GRTS,2018-09-28,Healthcare,4,1452600.0,2478400.0,5265700.0
12.5,1689.0,41.0,0,1,1,LAIX,2018-09-27,Consumer Defensive,3,9415331.500914076,7682245.983546618,17965314.22760512
17.0,75.0,59.0,0,1,1,RMED,2018-09-27,Healthcare,3,1892.0,3398.0,4765.0
15.0,128.0,64.0,0,1,1,STRO,2018-09-27,Healthcare,3,2703200.0,3422700.0,4228400.0
16.0,72.0,62.0,0,1,0,ARVN,2018-09-27,Healthcare,3,3424000.0,4684300.0,6406700.0
14.0,0.0,51.0,1,1,1,UROV,2018-09-27,Healthcare,3,9415331.500914076,7682245.983546618,17965314.22760512
17.5,1075.0,42.0,0,0,0,ARCE,2018-09-26,Technology,2,7353800.0,11137200.0,12277500.0
12.5,195.0,52.0,0,0,1,CBNK,2018-09-26,Financial Services,2,987500.0,1218900.0,1416300.0
15.0,34.0,57.46021093000968,1,1,1,ETTX,2018-09-26,Healthcare,2,9415331.500914076,7682245.983546618,17965314.22760512
12.0,761.0,48.0,0,0,1,SVMK,2018-09-26,Technology,2,9415331.500914076,7682245.983546618,17965314.22760512
9.0,527.0,47.0,1,1,0,VIOT,2018-09-25,Technology,1,12077700.0,20243500.0,23021900.0
16.0,29.0,60.0,0,0,0,YMAB,2018-09-21,Healthcare,4,2481000.0,3397400.0,5574600.0
20.0,3009.0,57.46021093000968,0,0,0,FTCH,2018-09-21,Healthcare,4,25427200.0,36784000.0,57694700.0
19.0,74.0,64.0,0,0,1,BSVN,2018-09-20,Financial Services,3,1405000.0,1851200.0,2145900.0
23.0,1016.0,42.0,0,0,0,EB,2018-09-20,Technology,3,10977100.0,16702700.0,24137300.0
24.0,5640.0,55.0,0,0,0,ELAN,2018-09-20,Healthcare,3,40182700.0,65480300.0,87595300.0
9.5,798.0,50.0,0,1,1,XYF,2018-09-19,Financial Services,2,2191333.0,3589699.0,4074300.0
17.0,53.0,57.0,0,0,0,PRNB,2018-09-14,Healthcare,4,9415331.500914076,7682245.983546618,17965314.22760512
7.0,1302.0,38.0,0,0,1,QTT,2018-09-14,Technology,4,1722690.0,5471220.0,7647030.0
20.0,98.0,70.0,1,1,1,FVCB,2018-09-14,Financial Services,4,641800.0,886900.0,1289500.0
6.26,6993.0,48.0,0,0,1,NIO,2018-09-12,Consumer Cyclical,2,66849000.0,584402100.0,878784800.0
14.0,1117.0,57.0,1,0,1,YI,2018-09-12,Consumer Defensive,2,1302200.0,3370000.0,4480100.0
15.0,72.0,63.0,1,1,0,AXNX,2018-10-31,Healthcare,2,3031000.0,5703700.0,7270400.0
14.0,100.0,59.0,0,0,0,ORTX,2018-10-31,Healthcare,2,3534800.0,4198500.0,4935400.0
14.0,221.0,48.0,0,0,0,TWST,2018-10-31,Healthcare,2,1351700.0,2560900.0,5021200.0
8.0,53.0,67.0,0,0,0,GMDA,2018-10-26,Healthcare,4,1047300.0,1669300.0,1974300.0
24.0,3171.0,57.46021093000968,0,0,1,STNE,2018-10-25,Technology,3,22912000.0,37156900.0,61322800.0
11.88,449.0,47.0,0,1,1,PT,2018-10-25,Technology,3,34560.0,51000.0,59640.0
18.0,565.0,46.0,0,0,0,YETI,2018-10-25,Consumer Cyclical,3,9911600.0,18415400.0,31549700.0
10.0,20.0,55.0,0,0,0,LOGC,2018-10-19,Healthcare,4,880427.0,1361019.0,2248498.0
9.0,348.0,43.0,1,1,1,NIU,2018-10-19,Consumer Cyclical,4,3414100.0,6249300.0,9989200.0
15.0,2540.0,57.0,0,1,0,SWI,2018-10-19,Technology,4,10229678.0,16128608.0,23596384.0
12.5,4400.0,57.46021093000968,1,0,0,MSC,2018-10-18,Consumer Cyclical,3,1563400.0,1959100.0,2318700.0
7.0,414.0,63.0,0,0,0,OSMT,2018-10-18,Healthcare,3,9415331.500914076,7682245.983546618,17965314.22760512
5.0,18.0,57.0,0,0,1,PHAS,2018-10-18,Healthcare,3,1642659.0,2145570.0,3255968.0
15.0,168.0,66.0,0,0,0,SIBN,2018-10-17,Healthcare,2,4390000.0,5418600.0,6964900.0
17.0,1102.0,65.0,0,0,0,PLAN,2018-10-12,Technology,4,9415331.500914076,7682245.983546618,17965314.22760512
14.0,7.0,61.0,1,1,1,EQ,2018-10-12,Healthcare,4,913200.0,1191500.0,1627500.0
18.0,78.0,62.0,0,0,0,ALLO,2018-10-11,Healthcare,3,8110200.0,16444100.0,26551900.0
17.0,750.0,50.0,1,1,0,LTHM,2018-10-11,Basic Materials,3,11422700.0,22663400.0,43603500.0
36.0,994.0,44.0,0,0,0,ESTC,2018-10-05,Technology,4,7172900.0,10175200.0,13177500.0
19.0,348.0,43.0,0,0,0,GH,2018-10-04,Healthcare,3,10336300.0,16080700.0,23624500.0
10.0,28.0,49.0,1,1,1,KOD,2018-10-04,Healthcare,3,2409300.0,2926200.0,4079000.0
15.0,395.0,47.0,0,0,0,UPWK,2018-10-03,Technology,2,8385100.0,14759500.0,20473000.0
10.0,0.0,57.46021093000968,1,1,1,MDRR,2018-11-28,Healthcare,2,21300.0,34600.0,65400.0
5.8,161.0,79.0,0,0,0,TLC,2018-11-21,Healthcare,2,9415331.500914076,7682245.983546618,17965314.22760512
9.9,5.0,64.0,1,1,1,TLSA,2018-11-20,Healthcare,1,87465.0,260395.0,601258.0
7.8,679.0,45.0,0,1,1,TC,2018-11-20,Technology,1,50700.0,157775.0,360250.0
10.0,10794.0,42.0,1,1,1,WEI,2018-11-15,Financial Services,3,9415331.500914076,7682245.983546618,17965314.22760512
14.0,298.0,58.0,0,0,0,VAPO,2018-11-14,Healthcare,2,1237700.0,1901700.0,2746000.0
6.0,10.0,50.0,1,0,0,ETON,2018-11-13,Healthcare,1,456300.0,739700.0,992500.0
5.0,13.0,59.0,1,1,1,TBLTU,2018-11-09,Industrials,4,9415331.500914076,7682245.983546618,17965314.22760512
7.5,4250.0,52.0,1,1,1,CNF,2018-11-07,Financial Services,2,965700.0,1219400.0,1933600.0
6.0,97.0,43.0,0,1,1,PHCF,2018-12-27,Financial Services,3,200.0,9217.0,24449.0
13.0,948.0,69.0,0,0,0,AMTB,2018-12-19,Financial Services,2,552900.0,676100.0,947300.0
15.8,46.0,42.0,1,1,1,APM,2018-12-18,Healthcare,1,23200.0,80600.0,108100.0
16.5,691.0,41.0,0,1,1,QFIN,2018-12-14,Financial Services,4,597900.0,1260200.0,1628800.0
12.0,800.0,63.0,0,1,0,LEGH,2018-12-14,Consumer Cyclical,4,2784200.0,3608500.0,4460200.0
13.0,2559.0,48.0,0,1,0,TME,2018-12-12,Technology,2,60283400.0,131919500.0,197369200.0
11.0,25.0,64.0,0,0,0,THOR,2018-12-07,Healthcare,4,9415331.500914076,7682245.983546618,17965314.22760512
4.0,11.0,51.0,0,0,0,DMAC,2018-12-07,Healthcare,4,1124000.0,1950800.0,2791700.0
23.0,700.0,49.0,1,1,1,MRNA,2018-12-07,Healthcare,4,12995600.0,27190600.0,45917200.0
14.0,1000.0,41.0,0,0,0,MOGU,2018-12-06,Consumer Cyclical,3,283425.0,669082.0,918655.0
